"X","work","home","num_of_workers","BG","origin_lat","origin_lon","dest_lat","dest_lon","distance","duration","dest_time","far"
3,60371173024009,60372060101027,1,60372060101,34.0675735,-118.2363017,34.2247626,-118.5002079,37818,1900,9.52777777777778,"0-40"
4,60371204004005,60372060101027,1,60372060101,34.0675735,-118.2363017,34.2188574,-118.4300695,29316,1426,9.39611111111111,"0-40"
5,60371211022012,60372060101001,1,60372060101,34.0776859,-118.2336594,34.2364149,-118.370542,24679,1216,9.33777777777778,"0-40"
6,60371212221001,60372060101014,1,60372060101,34.073055,-118.230415,34.2357901,-118.3930967,26113,1263,9.35083333333333,"0-40"
7,60371246003009,60372060101014,1,60372060101,34.073055,-118.230415,34.1568025,-118.4268556,25624,1128,9.31333333333333,"0-40"
8,60371277121000,60372060101017,1,60372060101,34.0718137,-118.232537,34.2002095,-118.4683757,32693,1415,9.39305555555556,"0-40"
9,60371312001006,60372060101014,1,60372060101,34.073055,-118.230415,34.2164353,-118.5129969,43288,1943,9.53972222222222,"40-80"
10,60371349051003,60372060101014,1,60372060101,34.073055,-118.230415,34.1856022,-118.595082,42465,1976,9.54888888888889,"40-80"
11,60371371041005,60372060101014,1,60372060101,34.073055,-118.230415,34.1710425,-118.5925535,41266,1815,9.50416666666667,"40-80"
12,60371397013003,60372060101017,1,60372060101,34.0718137,-118.232537,34.159156,-118.4972169,31062,1443,9.40083333333333,"0-40"
13,60371397022001,60372060101017,1,60372060101,34.0718137,-118.232537,34.1495876,-118.4897076,32009,1535,9.42638888888889,"0-40"
14,60371437001000,60372060101014,1,60372060101,34.073055,-118.230415,34.1365512,-118.3575508,16454,884,9.24555555555555,"0-40"
15,60371831011002,60372060101027,1,60372060101,34.0675735,-118.2363017,34.1186415,-118.1820449,9310,613,9.17027777777778,"0-40"
16,60371831012001,60372060101017,1,60372060101,34.0718137,-118.232537,34.1276476,-118.1851666,9399,616,9.17111111111111,"0-40"
17,60371832202000,60372060101007,1,60372060101,34.0773514,-118.2341853,34.1187478,-118.1842568,8720,609,9.16916666666667,"0-40"
18,60371832223002,60372060101019,1,60372060101,34.0688914,-118.2348684,34.1271294,-118.1992741,9245,862,9.23944444444444,"0-40"
19,60371834021001,60372060101001,1,60372060101,34.0776859,-118.2336594,34.1244261,-118.2162504,9239,676,9.18777777777778,"0-40"
20,60371838201001,60372060101025,1,60372060101,34.0694936,-118.2331745,34.1037702,-118.1979106,5852,398,9.11055555555556,"0-40"
21,60371851002002,60372060101007,1,60372060101,34.0773514,-118.2341853,34.101073,-118.2061955,4851,520,9.14444444444444,"0-40"
22,60371851002002,60372060101027,1,60372060101,34.0675735,-118.2363017,34.101073,-118.2061955,5534,569,9.15805555555556,"0-40"
23,60371852031009,60372060101007,1,60372060101,34.0773514,-118.2341853,34.0966441,-118.2313784,4311,400,9.11111111111111,"0-40"
24,60371852032004,60372060101019,1,60372060101,34.0688914,-118.2348684,34.1014872,-118.2358904,4806,505,9.14027777777778,"0-40"
25,60371853202004,60372060101017,1,60372060101,34.0718137,-118.232537,34.0865604,-118.2213705,2359,275,9.07638888888889,"0-40"
26,60371853202013,60372060101003,1,60372060101,34.0784037,-118.2353731,34.0840978,-118.2246979,3247,355,9.09861111111111,"0-40"
27,60371862011006,60372060101014,1,60372060101,34.073055,-118.230415,34.1240767,-118.2227065,8346,609,9.16916666666667,"0-40"
28,60371863023002,60372060101003,1,60372060101,34.0784037,-118.2353731,34.1118721,-118.230127,8782,692,9.19222222222222,"0-40"
29,60371871011004,60372060101007,1,60372060101,34.0773514,-118.2341853,34.1154881,-118.2565194,6653,619,9.17194444444444,"0-40"
30,60371871012015,60372060101014,1,60372060101,34.073055,-118.230415,34.118045,-118.2579753,7267,502,9.13944444444444,"0-40"
31,60371873001003,60372060101017,1,60372060101,34.0718137,-118.232537,34.1075089,-118.2603758,5841,564,9.15666666666667,"0-40"
32,60371881001009,60372060101014,1,60372060101,34.073055,-118.230415,34.1416737,-118.2716646,10100,532,9.14777777777778,"0-40"
33,60371881001009,60372060101017,1,60372060101,34.0718137,-118.232537,34.1416737,-118.2716646,10118,502,9.13944444444444,"0-40"
34,60371899051000,60372060101016,1,60372060101,34.0742416,-118.231864,34.1025409,-118.3509198,14547,982,9.27277777777778,"0-40"
35,60371899052000,60372060101007,1,60372060101,34.0773514,-118.2341853,34.1007193,-118.3495605,14744,1029,9.28583333333333,"0-40"
36,60371899052004,60372060101007,1,60372060101,34.0773514,-118.2341853,34.0989118,-118.3505117,13368,1135,9.31527777777778,"0-40"
37,60371907001002,60372060101016,1,60372060101,34.0742416,-118.231864,34.100691,-118.3291717,12810,776,9.21555555555556,"0-40"
38,60371907001005,60372060101001,1,60372060101,34.0776859,-118.2336594,34.1006587,-118.3337572,12792,787,9.21861111111111,"0-40"
39,60371907001011,60372060101014,1,60372060101,34.073055,-118.230415,34.0989831,-118.3290268,13398,902,9.25055555555556,"0-40"
40,60371908022002,60372060101008,1,60372060101,34.0761278,-118.2344051,34.0970738,-118.3298914,13439,950,9.26388888888889,"0-40"
41,60371908022004,60372060101014,1,60372060101,34.073055,-118.230415,34.0970689,-118.3312832,13520,904,9.25111111111111,"0-40"
42,60371910003010,60372060101019,1,60372060101,34.0688914,-118.2348684,34.0989161,-118.3230128,10570,732,9.20333333333333,"0-40"
43,60371911202006,60372060101027,1,60372060101,34.0675735,-118.2363017,34.0914105,-118.3054849,8665,616,9.17111111111111,"0-40"
44,60371913011008,60372060101014,1,60372060101,34.073055,-118.230415,34.0912206,-118.2838495,7245,945,9.2625,"0-40"
45,60371913022000,60372060101005,1,60372060101,34.0761265,-118.2324045,34.0998442,-118.2907974,8991,787,9.21861111111111,"0-40"
46,60371913022003,60372060101000,1,60372060101,34.0778658,-118.2329707,34.0975805,-118.2901183,9067,834,9.23166666666667,"0-40"
47,60371913022003,60372060101014,1,60372060101,34.073055,-118.230415,34.0975805,-118.2901183,9526,890,9.24722222222222,"0-40"
48,60371913022010,60372060101014,1,60372060101,34.073055,-118.230415,34.0963061,-118.2901378,9243,785,9.21805555555556,"0-40"
49,60371917101002,60372060101008,1,60372060101,34.0761278,-118.2344051,34.0854739,-118.3192295,10813,977,9.27138888888889,"0-40"
50,60371917101002,60372060101016,1,60372060101,34.0742416,-118.231864,34.0854739,-118.3192295,10578,855,9.2375,"0-40"
51,60371919011017,60372060101003,1,60372060101,34.0784037,-118.2353731,34.0879619,-118.3401285,12136,1039,9.28861111111111,"0-40"
52,60371919012008,60372060101027,1,60372060101,34.0675735,-118.2363017,34.089818,-118.3347224,11432,1019,9.28305555555556,"0-40"
53,60371919012009,60372060101019,1,60372060101,34.0688914,-118.2348684,34.0898124,-118.3368563,11261,981,9.2725,"0-40"
54,60371925201001,60372060101027,1,60372060101,34.0675735,-118.2363017,34.0817304,-118.3025623,8239,730,9.20277777777778,"0-40"
55,60371944022009,60372060101017,1,60372060101,34.0718137,-118.232537,34.0833831,-118.3726784,14619,1452,9.40333333333333,"0-40"
56,60371944023006,60372060101008,1,60372060101,34.0761278,-118.2344051,34.0826332,-118.3674603,14311,1486,9.41277777777778,"0-40"
57,60371951002000,60372060101019,1,60372060101,34.0688914,-118.2348684,34.1075787,-118.269887,7900,762,9.21166666666667,"0-40"
58,60371954002009,60372060101017,1,60372060101,34.0718137,-118.232537,34.0906844,-118.2756701,6366,799,9.22194444444444,"0-40"
59,60371956001006,60372060101003,1,60372060101,34.0784037,-118.2353731,34.0790281,-118.2607354,3564,476,9.13222222222222,"0-40"
60,60371956004004,60372060101014,1,60372060101,34.073055,-118.230415,34.082011,-118.2710472,5501,744,9.20666666666667,"0-40"
61,60371973003010,60372060101006,1,60372060101,34.0762753,-118.2331353,34.0764528,-118.2542868,2856,328,9.09111111111111,"0-40"
62,60371973003010,60372060101007,1,60372060101,34.0773514,-118.2341853,34.0764528,-118.2542868,2702,286,9.07944444444444,"0-40"
63,60371974202014,60372060101017,2,60372060101,34.0718137,-118.232537,34.0790754,-118.2565556,3398,386,9.10722222222222,"0-40"
64,60371990001007,60372060101006,1,60372060101,34.0762753,-118.2331353,34.0856136,-118.2182202,5735,352,9.09777777777778,"0-40"
65,60371990002024,60372060101014,1,60372060101,34.073055,-118.230415,34.0800569,-118.2197404,2183,272,9.07555555555555,"0-40"
66,60371990002024,60372060101017,1,60372060101,34.0718137,-118.232537,34.0800569,-118.2197404,2202,242,9.06722222222222,"0-40"
67,60371990002024,60372060101019,1,60372060101,34.0688914,-118.2348684,34.0800569,-118.2197404,2389,386,9.10722222222222,"0-40"
68,60371990003001,60372060101014,1,60372060101,34.073055,-118.230415,34.0785016,-118.2160719,2077,377,9.10472222222222,"0-40"
69,60371990003004,60372060101017,1,60372060101,34.0718137,-118.232537,34.0766175,-118.2187322,5225,474,9.13166666666667,"0-40"
70,60371990003009,60372060101014,1,60372060101,34.073055,-118.230415,34.0768595,-118.2177366,1754,294,9.08166666666667,"0-40"
71,60371990003011,60372060101019,1,60372060101,34.0688914,-118.2348684,34.0749672,-118.2162909,2341,371,9.10305555555555,"0-40"
72,60371991102011,60372060101014,1,60372060101,34.073055,-118.230415,34.0782096,-118.1942544,4452,725,9.20138888888889,"0-40"
73,60371991202002,60372060101017,1,60372060101,34.0718137,-118.232537,34.0703676,-118.1971298,4000,598,9.16611111111111,"0-40"
74,60371991202010,60372060101014,1,60372060101,34.073055,-118.230415,34.0699222,-118.195507,4252,677,9.18805555555556,"0-40"
75,60371992012005,60372060101008,1,60372060101,34.0761278,-118.2344051,34.0750924,-118.2137448,3166,557,9.15472222222222,"0-40"
76,60371992012005,60372060101014,1,60372060101,34.073055,-118.230415,34.0750924,-118.2137448,2191,392,9.10888888888889,"0-40"
77,60371992012007,60372060101014,1,60372060101,34.073055,-118.230415,34.0745772,-118.2124142,2043,400,9.11111111111111,"0-40"
78,60371994001007,60372060101017,1,60372060101,34.0718137,-118.232537,34.0950769,-118.208899,4015,306,9.085,"0-40"
79,60371994003006,60372060101027,1,60372060101,34.0675735,-118.2363017,34.0836769,-118.2124042,3306,477,9.1325,"0-40"
80,60371997001009,60372060101017,1,60372060101,34.0718137,-118.232537,34.0646246,-118.2215855,2029,305,9.08472222222222,"0-40"
81,60372013012016,60372060101014,1,60372060101,34.073055,-118.230415,34.0826192,-118.1918174,4776,682,9.18944444444444,"0-40"
82,60372017001017,60372060101001,1,60372060101,34.0776859,-118.2336594,34.0624371,-118.1673046,14978,698,9.19388888888889,"0-40"
83,60372017001017,60372060101007,1,60372060101,34.0773514,-118.2341853,34.0624371,-118.1673046,14979,698,9.19388888888889,"0-40"
84,60372017001017,60372060101016,1,60372060101,34.0742416,-118.231864,34.0624371,-118.1673046,12441,734,9.20388888888889,"0-40"
85,60372017002008,60372060101016,1,60372060101,34.0742416,-118.231864,34.0650067,-118.1803798,5936,638,9.17722222222222,"0-40"
86,60372033001021,60372060101016,1,60372060101,34.0742416,-118.231864,34.0588723,-118.2077883,4457,621,9.1725,"0-40"
87,60372033001023,60372060101027,1,60372060101,34.0675735,-118.2363017,34.0572023,-118.2059828,4516,616,9.17111111111111,"0-40"
88,60372035001010,60372060101014,1,60372060101,34.073055,-118.230415,34.0493258,-118.2172063,4308,553,9.15361111111111,"0-40"
89,60372043002005,60372060101007,1,60372060101,34.0773514,-118.2341853,34.037462,-118.2078716,6544,643,9.17861111111111,"0-40"
90,60372048103018,60372060101001,1,60372060101,34.0776859,-118.2336594,34.0255172,-118.2033206,9965,530,9.14722222222222,"0-40"
91,60372051202004,60372060101014,1,60372060101,34.073055,-118.230415,34.0225105,-118.2169237,7457,671,9.18638888888889,"0-40"
92,60372051202013,60372060101003,1,60372060101,34.0784037,-118.2353731,34.0170848,-118.2146409,9860,756,9.21,"0-40"
93,60372051202020,60372060101017,1,60372060101,34.0718137,-118.232537,34.019454,-118.2125892,7864,688,9.19111111111111,"0-40"
94,60372060101006,60372060101017,1,60372060101,34.0718137,-118.232537,34.0762753,-118.2331353,585,82,9.02277777777778,"0-40"
95,60372060101014,60372060101017,2,60372060101,34.0718137,-118.232537,34.073055,-118.230415,297,70,9.01944444444444,"0-40"
96,60372060101014,60372060101019,1,60372060101,34.0688914,-118.2348684,34.073055,-118.230415,785,153,9.0425,"0-40"
97,60372060101014,60372060101027,2,60372060101,34.0675735,-118.2363017,34.073055,-118.230415,1093,183,9.05083333333333,"0-40"
98,60372060101017,60372060101019,1,60372060101,34.0688914,-118.2348684,34.0718137,-118.232537,663,109,9.03027777777778,"0-40"
99,60372060101017,60372060101027,1,60372060101,34.0675735,-118.2363017,34.0718137,-118.232537,970,139,9.03861111111111,"0-40"
100,60372060101019,60372060101007,1,60372060101,34.0773514,-118.2341853,34.0688914,-118.2348684,1373,151,9.04194444444444,"0-40"
101,60372060101019,60372060101014,2,60372060101,34.073055,-118.230415,34.0688914,-118.2348684,785,126,9.035,"0-40"
102,60372060101020,60372060101001,1,60372060101,34.0776859,-118.2336594,34.0682177,-118.2320356,2550,317,9.08805555555556,"0-40"
103,60372060101020,60372060101008,1,60372060101,34.0761278,-118.2344051,34.0682177,-118.2320356,2938,458,9.12722222222222,"0-40"
104,60372060101020,60372060101014,2,60372060101,34.073055,-118.230415,34.0682177,-118.2320356,1963,292,9.08111111111111,"0-40"
105,60372060101020,60372060101016,1,60372060101,34.0742416,-118.231864,34.0682177,-118.2320356,2076,268,9.07444444444444,"0-40"
106,60372060101020,60372060101017,7,60372060101,34.0718137,-118.232537,34.0682177,-118.2320356,1841,239,9.06638888888889,"0-40"
107,60372060101020,60372060101019,1,60372060101,34.0688914,-118.2348684,34.0682177,-118.2320356,1506,219,9.06083333333333,"0-40"
108,60372060101020,60372060101027,1,60372060101,34.0675735,-118.2363017,34.0682177,-118.2320356,1481,228,9.06333333333333,"0-40"
109,60372060101021,60372060101007,1,60372060101,34.0773514,-118.2341853,34.0687168,-118.2279166,2427,322,9.08944444444444,"0-40"
110,60372060101022,60372060101014,2,60372060101,34.073055,-118.230415,34.0655014,-118.2324248,2050,322,9.08944444444444,"0-40"
111,60372060101022,60372060101017,1,60372060101,34.0718137,-118.232537,34.0655014,-118.2324248,1927,269,9.07472222222222,"0-40"
112,60372060101023,60372060101014,1,60372060101,34.073055,-118.230415,34.0698423,-118.2272699,1548,243,9.0675,"0-40"
113,60372060101026,60372060101007,1,60372060101,34.0773514,-118.2341853,34.0667241,-118.2315042,2706,314,9.08722222222222,"0-40"
114,60372060101026,60372060101008,3,60372060101,34.0761278,-118.2344051,34.0667241,-118.2315042,3093,455,9.12638888888889,"0-40"
115,60372060101026,60372060101014,2,60372060101,34.073055,-118.230415,34.0667241,-118.2315042,2119,290,9.08055555555556,"0-40"
116,60372060101026,60372060101017,1,60372060101,34.0718137,-118.232537,34.0667241,-118.2315042,1996,237,9.06583333333333,"0-40"
117,60372060101027,60372060101014,3,60372060101,34.073055,-118.230415,34.0675735,-118.2363017,1093,210,9.05833333333333,"0-40"
118,60372060101028,60372060101004,1,60372060101,34.0768963,-118.2319383,34.07097,-118.2257713,2116,301,9.08361111111111,"0-40"
119,60372060101033,60372060101027,1,60372060101,34.0675735,-118.2363017,34.0685537,-118.2256002,2091,293,9.08138888888889,"0-40"
120,60372060101034,60372060101003,1,60372060101,34.0784037,-118.2353731,34.0674886,-118.2286369,2553,385,9.10694444444444,"0-40"
121,60372060101035,60372060101006,1,60372060101,34.0762753,-118.2331353,34.0657993,-118.2306743,2604,346,9.09611111111111,"0-40"
122,60372060101035,60372060101014,4,60372060101,34.073055,-118.230415,34.0657993,-118.2306743,2142,323,9.08972222222222,"0-40"
123,60372060101035,60372060101027,1,60372060101,34.0675735,-118.2363017,34.0657993,-118.2306743,1412,246,9.06833333333333,"0-40"
124,60372060101045,60372060101017,1,60372060101,34.0718137,-118.232537,34.0640707,-118.2342112,1727,228,9.06333333333333,"0-40"
125,60372060102003,60372060101008,1,60372060101,34.0761278,-118.2344051,34.0650345,-118.229768,3254,492,9.13666666666667,"0-40"
126,60372060102003,60372060101014,4,60372060101,34.073055,-118.230415,34.0650345,-118.229768,2279,327,9.09083333333333,"0-40"
127,60372060102003,60372060101017,1,60372060101,34.0718137,-118.232537,34.0650345,-118.229768,2157,274,9.07611111111111,"0-40"
128,60372060102005,60372060101014,1,60372060101,34.073055,-118.230415,34.0641387,-118.231305,2007,297,9.0825,"0-40"
129,60372060102006,60372060101008,1,60372060101,34.0761278,-118.2344051,34.0634186,-118.2306218,3122,493,9.13694444444444,"0-40"
130,60372060102006,60372060101019,1,60372060101,34.0688914,-118.2348684,34.0634186,-118.2306218,1443,241,9.06694444444445,"0-40"
131,60372060102007,60372060101005,1,60372060101,34.0761265,-118.2324045,34.0628222,-118.2309844,2531,337,9.09361111111111,"0-40"
132,60372060102007,60372060101006,1,60372060101,34.0762753,-118.2331353,34.0628222,-118.2309844,2586,346,9.09611111111111,"0-40"
133,60372060102007,60372060101008,2,60372060101,34.0761278,-118.2344051,34.0628222,-118.2309844,3098,489,9.13583333333333,"0-40"
134,60372060102007,60372060101014,2,60372060101,34.073055,-118.230415,34.0628222,-118.2309844,2124,323,9.08972222222222,"0-40"
135,60372060102007,60372060101017,1,60372060101,34.0718137,-118.232537,34.0628222,-118.2309844,2001,270,9.075,"0-40"
136,60372060102008,60372060101014,1,60372060101,34.073055,-118.230415,34.0630042,-118.2282306,2423,436,9.12111111111111,"0-40"
137,60372060102011,60372060101014,1,60372060101,34.073055,-118.230415,34.0619088,-118.2341535,1903,310,9.08611111111111,"0-40"
138,60372060102012,60372060101001,1,60372060101,34.0776859,-118.2336594,34.0640019,-118.2289441,2989,385,9.10694444444444,"0-40"
139,60372060102012,60372060101014,1,60372060101,34.073055,-118.230415,34.0640019,-118.2289441,2403,360,9.1,"0-40"
140,60372060102012,60372060101019,1,60372060101,34.0688914,-118.2348684,34.0640019,-118.2289441,1698,274,9.07611111111111,"0-40"
141,60372060201004,60372060101003,1,60372060101,34.0784037,-118.2353731,34.0589061,-118.2290745,3332,562,9.15611111111111,"0-40"
142,60372060312090,60372060101014,1,60372060101,34.073055,-118.230415,34.0236098,-118.2361657,8046,692,9.19222222222222,"0-40"
143,60372060501047,60372060101006,1,60372060101,34.0762753,-118.2331353,34.0341617,-118.2197071,7420,438,9.12166666666667,"0-40"
144,60372060501085,60372060101004,1,60372060101,34.0768963,-118.2319383,34.0167885,-118.2213787,8293,766,9.21277777777778,"0-40"
145,60372071011000,60372060101014,1,60372060101,34.073055,-118.230415,34.0617461,-118.2429209,2265,365,9.10138888888889,"0-40"
146,60372071011003,60372060101014,1,60372060101,34.073055,-118.230415,34.0637247,-118.2463081,2319,359,9.09972222222222,"0-40"
147,60372071011012,60372060101014,1,60372060101,34.073055,-118.230415,34.0616833,-118.2438636,2286,401,9.11138888888889,"0-40"
148,60372071021002,60372060101007,1,60372060101,34.0773514,-118.2341853,34.0609657,-118.2377649,2451,336,9.09333333333333,"0-40"
149,60372071021002,60372060101014,1,60372060101,34.073055,-118.230415,34.0609657,-118.2377649,1863,311,9.08638888888889,"0-40"
150,60372071021003,60372060101014,1,60372060101,34.073055,-118.230415,34.0612129,-118.2384673,1702,266,9.07388888888889,"0-40"
151,60372071021003,60372060101019,1,60372060101,34.0688914,-118.2348684,34.0612129,-118.2384673,997,179,9.04972222222222,"0-40"
152,60372071021003,60372060101027,1,60372060101,34.0675735,-118.2363017,34.0612129,-118.2384673,972,188,9.05222222222222,"0-40"
153,60372071021004,60372060101016,1,60372060101,34.0742416,-118.231864,34.0615554,-118.2394139,1800,233,9.06472222222222,"0-40"
154,60372071021004,60372060101017,1,60372060101,34.0718137,-118.232537,34.0615554,-118.2394139,1565,204,9.05666666666667,"0-40"
155,60372071021004,60372060101027,1,60372060101,34.0675735,-118.2363017,34.0615554,-118.2394139,958,179,9.04972222222222,"0-40"
156,60372071021005,60372060101004,1,60372060101,34.0768963,-118.2319383,34.0619718,-118.2406667,2402,356,9.09888888888889,"0-40"
157,60372071021005,60372060101014,2,60372060101,34.073055,-118.230415,34.0619718,-118.2406667,1822,301,9.08361111111111,"0-40"
158,60372071021005,60372060101025,1,60372060101,34.0694936,-118.2331745,34.0619718,-118.2406667,1280,230,9.06388888888889,"0-40"
159,60372071021005,60372060101027,1,60372060101,34.0675735,-118.2363017,34.0619718,-118.2406667,1092,224,9.06222222222222,"0-40"
160,60372071021006,60372060101016,1,60372060101,34.0742416,-118.231864,34.0614323,-118.2417642,2145,299,9.08305555555556,"0-40"
161,60372071021006,60372060101019,1,60372060101,34.0688914,-118.2348684,34.0614323,-118.2417642,1328,237,9.06583333333333,"0-40"
162,60372071021008,60372060101017,2,60372060101,34.0718137,-118.232537,34.0596858,-118.2402606,1770,241,9.06694444444445,"0-40"
163,60372071021009,60372060101007,1,60372060101,34.0773514,-118.2341853,34.0593046,-118.2394115,2506,332,9.09222222222222,"0-40"
164,60372071021009,60372060101014,1,60372060101,34.073055,-118.230415,34.0593046,-118.2394115,1918,307,9.08527777777778,"0-40"
165,60372071021009,60372060101017,1,60372060101,34.0718137,-118.232537,34.0593046,-118.2394115,1796,254,9.07055555555556,"0-40"
166,60372071021009,60372060101019,1,60372060101,34.0688914,-118.2348684,34.0593046,-118.2394115,1214,221,9.06138888888889,"0-40"
167,60372071021010,60372060101014,1,60372060101,34.073055,-118.230415,34.0591028,-118.2386815,1974,342,9.095,"0-40"
168,60372071021010,60372060101017,1,60372060101,34.0718137,-118.232537,34.0591028,-118.2386815,1851,289,9.08027777777778,"0-40"
169,60372071021019,60372060101014,1,60372060101,34.073055,-118.230415,34.0572295,-118.2376657,2215,343,9.09527777777778,"0-40"
170,60372071021020,60372060101027,1,60372060101,34.0675735,-118.2363017,34.0564437,-118.237651,1792,404,9.11222222222222,"0-40"
171,60372071032000,60372060101014,2,60372060101,34.073055,-118.230415,34.0665041,-118.2368573,1078,168,9.04666666666667,"0-40"
172,60372071032000,60372060101019,1,60372060101,34.0688914,-118.2348684,34.0665041,-118.2368573,373,82,9.02277777777778,"0-40"
173,60372071032003,60372060101014,2,60372060101,34.073055,-118.230415,34.0659747,-118.2386421,1746,277,9.07694444444444,"0-40"
174,60372071032003,60372060101017,1,60372060101,34.0718137,-118.232537,34.0659747,-118.2386421,1624,225,9.0625,"0-40"
175,60372071032004,60372060101014,2,60372060101,34.073055,-118.230415,34.0660005,-118.2399899,1860,303,9.08416666666667,"0-40"
176,60372071032008,60372060101014,1,60372060101,34.073055,-118.230415,34.064538,-118.2379342,1417,207,9.0575,"0-40"
177,60372071032009,60372060101014,3,60372060101,34.073055,-118.230415,34.0658535,-118.2370295,1157,172,9.04777777777778,"0-40"
178,60372071032015,60372060101008,1,60372060101,34.0761278,-118.2344051,34.0633869,-118.2385041,2256,354,9.09833333333333,"0-40"
179,60372073012000,60372060101001,1,60372060101,34.0776859,-118.2336594,34.0520271,-118.2478838,3332,408,9.11333333333333,"0-40"
180,60372073012000,60372060101014,1,60372060101,34.073055,-118.230415,34.0520271,-118.2478838,3047,502,9.13944444444444,"0-40"
181,60372073012002,60372060101014,1,60372060101,34.073055,-118.230415,34.0498925,-118.2481531,3317,592,9.16444444444445,"0-40"
182,60372073012006,60372060101003,1,60372060101,34.0784037,-118.2353731,34.0482787,-118.2492264,4875,460,9.12777777777778,"0-40"
183,60372073012009,60372060101016,1,60372060101,34.0742416,-118.231864,34.047888,-118.2521797,4871,433,9.12027777777778,"0-40"
184,60372073012010,60372060101003,2,60372060101,34.0784037,-118.2353731,34.0462787,-118.2532393,5095,521,9.14472222222222,"0-40"
185,60372073012012,60372060101006,1,60372060101,34.0762753,-118.2331353,34.0441497,-118.2535018,5304,626,9.17388888888889,"0-40"
186,60372074001010,60372060101001,1,60372060101,34.0776859,-118.2336594,34.0589195,-118.2484848,3077,243,9.0675,"0-40"
187,60372074001010,60372060101006,1,60372060101,34.0762753,-118.2331353,34.0589195,-118.2484848,2953,244,9.06777777777778,"0-40"
188,60372074001010,60372060101008,1,60372060101,34.0761278,-118.2344051,34.0589195,-118.2484848,3465,384,9.10666666666667,"0-40"
189,60372074001012,60372060101003,1,60372060101,34.0784037,-118.2353731,34.0573346,-118.2481663,3335,322,9.08944444444444,"0-40"
190,60372074001016,60372060101004,2,60372060101,34.0768963,-118.2319383,34.0562223,-118.246642,3265,443,9.12305555555556,"0-40"
191,60372074001016,60372060101008,1,60372060101,34.0761278,-118.2344051,34.0562223,-118.246642,3249,444,9.12333333333333,"0-40"
192,60372074001016,60372060101014,4,60372060101,34.073055,-118.230415,34.0562223,-118.246642,2685,388,9.10777777777778,"0-40"
193,60372074001016,60372060101017,3,60372060101,34.0718137,-118.232537,34.0562223,-118.246642,2562,336,9.09333333333333,"0-40"
194,60372074001026,60372060101014,1,60372060101,34.073055,-118.230415,34.0554222,-118.2498451,3459,562,9.15611111111111,"0-40"
195,60372074001030,60372060101014,1,60372060101,34.073055,-118.230415,34.0535381,-118.2430308,3112,518,9.14388888888889,"0-40"
196,60372074001034,60372060101008,1,60372060101,34.0761278,-118.2344051,34.0526687,-118.2455646,4262,433,9.12027777777778,"0-40"
197,60372074001034,60372060101017,1,60372060101,34.0718137,-118.232537,34.0526687,-118.2455646,2689,391,9.10861111111111,"0-40"
198,60372074001037,60372060101006,2,60372060101,34.0762753,-118.2331353,34.0522372,-118.2413901,4157,398,9.11055555555556,"0-40"
199,60372074001037,60372060101008,1,60372060101,34.0761278,-118.2344051,34.0522372,-118.2413901,4670,538,9.14944444444444,"0-40"
200,60372074001037,60372060101014,1,60372060101,34.073055,-118.230415,34.0522372,-118.2413901,3219,548,9.15222222222222,"0-40"
201,60372075011002,60372060101007,1,60372060101,34.0773514,-118.2341853,34.0562714,-118.2543171,3756,330,9.09166666666667,"0-40"
202,60372075021004,60372060101008,1,60372060101,34.0761278,-118.2344051,34.053844,-118.2496215,4121,489,9.13583333333333,"0-40"
203,60372075021004,60372060101014,1,60372060101,34.073055,-118.230415,34.053844,-118.2496215,3180,479,9.13305555555556,"0-40"
204,60372075021004,60372060101019,1,60372060101,34.0688914,-118.2348684,34.053844,-118.2496215,2475,393,9.10916666666667,"0-40"
205,60372075021027,60372060101017,1,60372060101,34.0718137,-118.232537,34.0515646,-118.2546334,4347,318,9.08833333333333,"0-40"
206,60372075021027,60372060101019,1,60372060101,34.0688914,-118.2348684,34.0515646,-118.2546334,3880,363,9.10083333333333,"0-40"
207,60372075021028,60372060101014,1,60372060101,34.073055,-118.230415,34.0525604,-118.2560148,4520,500,9.13888888888889,"0-40"
208,60372075021028,60372060101017,1,60372060101,34.0718137,-118.232537,34.0525604,-118.2560148,4223,426,9.11833333333333,"0-40"
209,60372075021032,60372060101014,1,60372060101,34.073055,-118.230415,34.0505221,-118.2527253,4928,417,9.11583333333333,"0-40"
210,60372075021036,60372060101003,1,60372060101,34.0784037,-118.2353731,34.0527187,-118.2489548,3420,453,9.12583333333333,"0-40"
211,60372075021036,60372060101014,1,60372060101,34.073055,-118.230415,34.0527187,-118.2489548,3123,474,9.13166666666667,"0-40"
212,60372075021036,60372060101017,2,60372060101,34.0718137,-118.232537,34.0527187,-118.2489548,3000,422,9.11722222222222,"0-40"
213,60372077101011,60372060101019,1,60372060101,34.0688914,-118.2348684,34.0491563,-118.2617467,4191,441,9.1225,"0-40"
214,60372077101015,60372060101005,1,60372060101,34.0761265,-118.2324045,34.0511994,-118.2572908,4009,438,9.12166666666667,"0-40"
215,60372077101015,60372060101014,1,60372060101,34.073055,-118.230415,34.0511994,-118.2572908,4710,549,9.1525,"0-40"
216,60372077101015,60372060101017,2,60372060101,34.0718137,-118.232537,34.0511994,-118.2572908,4413,475,9.13194444444444,"0-40"
217,60372077101015,60372060101027,1,60372060101,34.0675735,-118.2363017,34.0511994,-118.2572908,3453,588,9.16333333333333,"0-40"
218,60372077101016,60372060101016,1,60372060101,34.0742416,-118.231864,34.0483218,-118.2599735,5027,506,9.14055555555556,"0-40"
219,60372077101018,60372060101001,1,60372060101,34.0776859,-118.2336594,34.0499183,-118.2580477,4355,342,9.095,"0-40"
220,60372077101018,60372060101014,2,60372060101,34.073055,-118.230415,34.0499183,-118.2580477,4878,444,9.12333333333333,"0-40"
221,60372077101019,60372060101008,1,60372060101,34.0761278,-118.2344051,34.0493968,-118.2572407,4759,480,9.13333333333333,"0-40"
222,60372077101032,60372060101014,1,60372060101,34.073055,-118.230415,34.0461896,-118.260233,6103,568,9.15777777777778,"0-40"
223,60372077101033,60372060101007,1,60372060101,34.0773514,-118.2341853,34.0476248,-118.2588933,4722,451,9.12527777777778,"0-40"
224,60372077101034,60372060101004,1,60372060101,34.0768963,-118.2319383,34.048675,-118.2579128,5525,545,9.15138888888889,"0-40"
225,60372077101035,60372060101014,1,60372060101,34.073055,-118.230415,34.0479768,-118.2568282,5124,490,9.13611111111111,"0-40"
226,60372077101038,60372060101005,1,60372060101,34.0761265,-118.2324045,34.0491072,-118.254056,4345,390,9.10833333333333,"0-40"
227,60372077101053,60372060101014,1,60372060101,34.073055,-118.230415,34.0429063,-118.2687013,6180,533,9.14805555555555,"0-40"
228,60372079001011,60372060101008,1,60372060101,34.0761278,-118.2344051,34.0398034,-118.2610132,8782,734,9.20388888888889,"0-40"
229,60372079001011,60372060101014,1,60372060101,34.073055,-118.230415,34.0398034,-118.2610132,8915,696,9.19333333333333,"0-40"
230,60372079001011,60372060101016,1,60372060101,34.0742416,-118.231864,34.0398034,-118.2610132,8546,613,9.17027777777778,"0-40"
231,60372079001031,60372060101016,1,60372060101,34.0742416,-118.231864,34.0380085,-118.2582329,8844,689,9.19138888888889,"0-40"
232,60372080001013,60372060101017,2,60372060101,34.0718137,-118.232537,34.0601893,-118.2545702,3468,379,9.10527777777778,"0-40"
233,60372083022010,60372060101003,1,60372060101,34.0784037,-118.2353731,34.0649553,-118.260523,4464,439,9.12194444444444,"0-40"
234,60372087202002,60372060101007,1,60372060101,34.0773514,-118.2341853,34.0599486,-118.2823634,7001,628,9.17444444444445,"0-40"
235,60372088011002,60372060101014,1,60372060101,34.073055,-118.230415,34.0613455,-118.2744103,6214,610,9.16944444444444,"0-40"
236,60372089022001,60372060101014,1,60372060101,34.073055,-118.230415,34.0563003,-118.2710551,5763,582,9.16166666666667,"0-40"
237,60372092001001,60372060101001,1,60372060101,34.0776859,-118.2336594,34.0562983,-118.257358,3504,264,9.07333333333333,"0-40"
238,60372092001001,60372060101014,3,60372060101,34.073055,-118.230415,34.0562983,-118.257358,4026,367,9.10194444444445,"0-40"
239,60372092001001,60372060101016,1,60372060101,34.0742416,-118.231864,34.0562983,-118.257358,3657,284,9.07888888888889,"0-40"
240,60372092001001,60372060101019,2,60372060101,34.0688914,-118.2348684,34.0562983,-118.257358,3262,338,9.09388888888889,"0-40"
241,60372092001013,60372060101014,1,60372060101,34.073055,-118.230415,34.0529013,-118.2620895,4904,439,9.12194444444444,"0-40"
242,60372093001006,60372060101003,1,60372060101,34.0784037,-118.2353731,34.0513179,-118.2720769,5503,452,9.12555555555556,"0-40"
243,60372094011002,60372060101008,1,60372060101,34.0761278,-118.2344051,34.0564005,-118.2789444,6596,657,9.1825,"0-40"
244,60372094021001,60372060101007,1,60372060101,34.0773514,-118.2341853,34.0538713,-118.2777233,5974,481,9.13361111111111,"0-40"
245,60372110002009,60372060101005,1,60372060101,34.0761265,-118.2324045,34.0628867,-118.3307054,14056,1066,9.29611111111111,"0-40"
246,60372110002009,60372060101027,1,60372060101,34.0675735,-118.2363017,34.0628867,-118.3307054,14240,1175,9.32638888888889,"0-40"
247,60372110002011,60372060101014,1,60372060101,34.073055,-118.230415,34.0627631,-118.3250768,14543,1170,9.325,"0-40"
248,60372110004015,60372060101014,1,60372060101,34.073055,-118.230415,34.061439,-118.3342563,14781,1161,9.3225,"0-40"
249,60372110004016,60372060101008,1,60372060101,34.0761278,-118.2344051,34.0614575,-118.3327262,14709,1209,9.33583333333333,"0-40"
250,60372110005012,60372060101004,1,60372060101,34.0768963,-118.2319383,34.0636304,-118.3381795,16002,1301,9.36138888888889,"0-40"
251,60372111202011,60372060101008,1,60372060101,34.0761278,-118.2344051,34.0627581,-118.2877258,8322,828,9.23,"0-40"
252,60372111221012,60372060101014,1,60372060101,34.073055,-118.230415,34.0697023,-118.2906107,8034,724,9.20111111111111,"0-40"
253,60372113201000,60372060101008,1,60372060101,34.0761278,-118.2344051,34.0708913,-118.2923,8296,726,9.20166666666667,"0-40"
254,60372113201000,60372060101014,1,60372060101,34.073055,-118.230415,34.0708913,-118.2923,8430,688,9.19111111111111,"0-40"
255,60372113201000,60372060101017,1,60372060101,34.0718137,-118.232537,34.0708913,-118.2923,8133,614,9.17055555555556,"0-40"
256,60372113201001,60372060101014,1,60372060101,34.073055,-118.230415,34.0708834,-118.2935466,8493,689,9.19138888888889,"0-40"
257,60372113202001,60372060101027,1,60372060101,34.0675735,-118.2363017,34.0708291,-118.2960164,8209,719,9.19972222222222,"0-40"
258,60372121011000,60372060101020,1,60372060101,34.0682177,-118.2320356,34.0645042,-118.2947674,8571,1052,9.29222222222222,"0-40"
259,60372121011001,60372060101017,1,60372060101,34.0718137,-118.232537,34.0644978,-118.2960181,9132,766,9.21277777777778,"0-40"
260,60372121012004,60372060101019,1,60372060101,34.0688914,-118.2348684,34.0626854,-118.294748,7888,911,9.25305555555556,"0-40"
261,60372122022001,60372060101006,1,60372060101,34.0762753,-118.2331353,34.0563507,-118.290348,7129,635,9.17638888888889,"0-40"
262,60372122041003,60372060101017,1,60372060101,34.0718137,-118.232537,34.0602961,-118.2860136,7321,651,9.18083333333333,"0-40"
263,60372125021002,60372060101008,1,60372060101,34.0761278,-118.2344051,34.0606931,-118.3072095,9470,1074,9.29833333333333,"0-40"
264,60372126101001,60372060101014,1,60372060101,34.073055,-118.230415,34.0611811,-118.3127443,13559,1044,9.29,"0-40"
265,60372128002002,60372060101016,1,60372060101,34.0742416,-118.231864,34.0551367,-118.3306024,13479,970,9.26944444444444,"0-40"
266,60372128002002,60372060101025,1,60372060101,34.0694936,-118.2331745,34.0551367,-118.3306024,13069,1011,9.28083333333333,"0-40"
267,60372145012001,60372060101025,1,60372060101,34.0694936,-118.2331745,34.0732455,-118.3575366,13359,1375,9.38194444444444,"0-40"
268,60372145012004,60372060101017,1,60372060101,34.0718137,-118.232537,34.072222,-118.3602774,14424,1437,9.39916666666667,"0-40"
269,60372148002001,60372060101019,1,60372060101,34.0688914,-118.2348684,34.0727366,-118.374844,15063,1663,9.46194444444444,"0-40"
270,60372148002002,60372060101008,1,60372060101,34.0761278,-118.2344051,34.0718517,-118.3749019,15739,1713,9.47583333333333,"0-40"
271,60372151011004,60372060101027,1,60372060101,34.0675735,-118.2363017,34.0637616,-118.3569307,14563,1519,9.42194444444444,"0-40"
272,60372171002000,60372060101014,1,60372060101,34.073055,-118.230415,34.0466479,-118.3503958,15327,964,9.26777777777778,"0-40"
273,60372181203001,60372060101008,1,60372060101,34.0761278,-118.2344051,34.0408505,-118.3230495,11578,861,9.23916666666667,"0-40"
274,60372182102006,60372060101014,1,60372060101,34.073055,-118.230415,34.040427,-118.3448846,14416,884,9.24555555555555,"0-40"
275,60372195001007,60372060101017,1,60372060101,34.0718137,-118.232537,34.0206698,-118.3357091,13651,986,9.27388888888889,"0-40"
276,60372214022000,60372060101014,1,60372060101,34.073055,-118.230415,34.0393775,-118.3111691,10141,700,9.19444444444444,"0-40"
277,60372218102001,60372060101014,1,60372060101,34.073055,-118.230415,34.031493,-118.290928,9026,713,9.19805555555556,"0-40"
278,60372244101013,60372060101017,1,60372060101,34.0718137,-118.232537,34.0342328,-118.2800335,7742,506,9.14055555555556,"0-40"
279,60372260012036,60372060101001,1,60372060101,34.0776859,-118.2336594,34.0228052,-118.2500913,9964,622,9.17277777777778,"0-40"
280,60372260021026,60372060101014,1,60372060101,34.073055,-118.230415,34.0347995,-118.2562723,9322,730,9.20277777777778,"0-40"
281,60372260021031,60372060101007,1,60372060101,34.0773514,-118.2341853,34.0345615,-118.2516441,10116,674,9.18722222222222,"0-40"
282,60372260021042,60372060101007,1,60372060101,34.0773514,-118.2341853,34.0331245,-118.2497676,9784,631,9.17527777777778,"0-40"
283,60372260021045,60372060101027,1,60372060101,34.0675735,-118.2363017,34.0312244,-118.2491245,5618,901,9.25027777777778,"0-40"
284,60372260022005,60372060101014,1,60372060101,34.073055,-118.230415,34.0352411,-118.2405417,5561,913,9.25361111111111,"0-40"
285,60372260022006,60372060101014,1,60372060101,34.073055,-118.230415,34.0348225,-118.2396871,5139,774,9.215,"0-40"
286,60372260022006,60372060101016,1,60372060101,34.0742416,-118.231864,34.0348225,-118.2396871,9355,640,9.17777777777778,"0-40"
287,60372260022006,60372060101017,1,60372060101,34.0718137,-118.232537,34.0348225,-118.2396871,5016,722,9.20055555555555,"0-40"
288,60372260022006,60372060101027,1,60372060101,34.0675735,-118.2363017,34.0348225,-118.2396871,4409,697,9.19361111111111,"0-40"
289,60372267004004,60372060101027,1,60372060101,34.0675735,-118.2363017,34.0172959,-118.2615882,10666,864,9.24,"0-40"
290,60372270102000,60372060101003,1,60372060101,34.0784037,-118.2353731,34.0179406,-118.2413135,11092,714,9.19833333333333,"0-40"
291,60372270102000,60372060101014,1,60372060101,34.073055,-118.230415,34.0179406,-118.2413135,11493,752,9.20888888888889,"0-40"
292,60372287201000,60372060101019,1,60372060101,34.0688914,-118.2348684,34.0029769,-118.2488576,13111,1071,9.2975,"0-40"
293,60372312202006,60372060101008,1,60372060101,34.0761278,-118.2344051,34.0122656,-118.2847585,10483,797,9.22138888888889,"0-40"
294,60372325004004,60372060101014,1,60372060101,34.073055,-118.230415,33.990026,-118.315484,15704,1162,9.32277777777778,"0-40"
295,60372345023010,60372060101017,1,60372060101,34.0718137,-118.232537,34.0011141,-118.3312609,15448,1161,9.3225,"0-40"
296,60372360001000,60372060101016,1,60372060101,34.0742416,-118.231864,34.0199385,-118.3562459,15252,935,9.25972222222222,"0-40"
297,60372374012010,60372060101016,1,60372060101,34.0742416,-118.231864,33.9798381,-118.2916493,13862,798,9.22166666666667,"0-40"
298,60372381003009,60372060101007,1,60372060101,34.0773514,-118.2341853,33.9604377,-118.3166643,18231,1171,9.32527777777778,"0-40"
299,60372410022006,60372060101014,1,60372060101,34.073055,-118.230415,33.9242257,-118.2549257,21863,1055,9.29305555555556,"0-40"
300,60372423003006,60372060101016,1,60372060101,34.0742416,-118.231864,33.9449533,-118.247664,19979,1196,9.33222222222222,"0-40"
301,60372426001001,60372060101008,1,60372060101,34.0761278,-118.2344051,33.9342012,-118.2519544,22285,1254,9.34833333333333,"0-40"
302,60372621003000,60372060101027,1,60372060101,34.0675735,-118.2363017,34.108023,-118.4569642,35460,2148,9.59666666666667,"0-40"
303,60372623021005,60372060101014,1,60372060101,34.073055,-118.230415,34.081907,-118.4741506,31889,1459,9.40527777777778,"0-40"
304,60372623032003,60372060101014,1,60372060101,34.073055,-118.230415,34.0611342,-118.4853983,30043,1575,9.4375,"0-40"
305,60372643013000,60372060101001,1,60372060101,34.0776859,-118.2336594,34.051871,-118.460512,25935,1244,9.34555555555556,"0-40"
306,60372653011011,60372060101014,1,60372060101,34.073055,-118.230415,34.0654261,-118.4434631,26272,1488,9.41333333333333,"0-40"
307,60372653011011,60372060101027,1,60372060101,34.0675735,-118.2363017,34.0654261,-118.4434631,25756,1487,9.41305555555556,"0-40"
308,60372654202010,60372060101017,1,60372060101,34.0718137,-118.232537,34.0663957,-118.457878,26513,1277,9.35472222222222,"0-40"
309,60372655101002,60372060101014,2,60372060101,34.073055,-118.230415,34.0580685,-118.4444047,25582,1287,9.3575,"0-40"
310,60372655101003,60372060101014,1,60372060101,34.073055,-118.230415,34.0575676,-118.4463044,25518,1269,9.3525,"0-40"
311,60372655202002,60372060101005,1,60372060101,34.0761265,-118.2324045,34.0509987,-118.4373604,24649,1292,9.35888888888889,"0-40"
312,60372671004001,60372060101017,1,60372060101,34.0718137,-118.232537,34.0520013,-118.4266574,22569,1246,9.34611111111111,"0-40"
313,60372672001004,60372060101007,1,60372060101,34.0773514,-118.2341853,34.0490928,-118.4355592,22523,1273,9.35361111111111,"0-40"
314,60372676003003,60372060101008,1,60372060101,34.0761278,-118.2344051,34.0350659,-118.4555245,23961,1295,9.35972222222222,"0-40"
315,60372676003007,60372060101017,1,60372060101,34.0718137,-118.232537,34.0333681,-118.4578791,24380,1304,9.36222222222222,"0-40"
316,60372676003012,60372060101017,1,60372060101,34.0718137,-118.232537,34.0300834,-118.4545987,23434,1135,9.31527777777778,"0-40"
317,60372678003007,60372060101003,1,60372060101,34.0784037,-118.2353731,34.0388408,-118.4382841,24634,1318,9.36611111111111,"0-40"
318,60372678003009,60372060101006,1,60372060101,34.0762753,-118.2331353,34.0369642,-118.4379729,24203,1204,9.33444444444445,"0-40"
319,60372679011001,60372060101017,1,60372060101,34.0718137,-118.232537,34.0611692,-118.4133892,24428,1413,9.3925,"0-40"
320,60372679011003,60372060101017,1,60372060101,34.0718137,-118.232537,34.0598853,-118.417124,24196,1368,9.38,"0-40"
321,60372679011007,60372060101008,1,60372060101,34.0761278,-118.2344051,34.0566616,-118.4177458,23708,1423,9.39527777777778,"0-40"
322,60372679011013,60372060101014,2,60372060101,34.073055,-118.230415,34.0586866,-118.4138921,24511,1447,9.40194444444444,"0-40"
323,60372679011013,60372060101017,1,60372060101,34.0718137,-118.232537,34.0586866,-118.4138921,24214,1374,9.38166666666667,"0-40"
324,60372679011019,60372060101014,1,60372060101,34.073055,-118.230415,34.0524542,-118.4124891,23307,1394,9.38722222222222,"0-40"
325,60372679011019,60372060101027,1,60372060101,34.0675735,-118.2363017,34.0524542,-118.4124891,22790,1393,9.38694444444444,"0-40"
326,60372679023000,60372060101005,1,60372060101,34.0761265,-118.2324045,34.0520893,-118.417123,22518,1226,9.34055555555556,"0-40"
327,60372679023000,60372060101017,1,60372060101,34.0718137,-118.232537,34.0520893,-118.417123,22922,1262,9.35055555555556,"0-40"
328,60372691003004,60372060101014,1,60372060101,34.073055,-118.230415,34.0554344,-118.3974364,21211,1305,9.3625,"0-40"
329,60372691004005,60372060101008,1,60372060101,34.0761278,-118.2344051,34.0547538,-118.3937231,20375,1290,9.35833333333333,"0-40"
330,60372699043000,60372060101014,1,60372060101,34.073055,-118.230415,34.0267629,-118.4095627,19543,1079,9.29972222222222,"0-40"
331,60372703001004,60372060101017,1,60372060101,34.0718137,-118.232537,34.0389096,-118.3748327,16076,913,9.25361111111111,"0-40"
332,60372717011002,60372060101016,1,60372060101,34.0742416,-118.231864,34.0313129,-118.420574,20142,954,9.265,"0-40"
333,60372719022008,60372060101014,1,60372060101,34.073055,-118.230415,34.0055656,-118.4342008,26429,1397,9.38805555555555,"0-40"
334,60372719022008,60372060101017,1,60372060101,34.0718137,-118.232537,34.0055656,-118.4342008,26133,1323,9.3675,"0-40"
335,60372723022000,60372060101008,1,60372060101,34.0761278,-118.2344051,34.0003735,-118.4233952,25616,1390,9.38611111111111,"0-40"
336,60372736002018,60372060101004,1,60372060101,34.0768963,-118.2319383,33.9897552,-118.4631362,30303,1821,9.50583333333333,"0-40"
337,60372736003008,60372060101016,1,60372060101,34.0742416,-118.231864,33.9911872,-118.4650809,30569,1676,9.46555555555556,"0-40"
338,60372738003008,60372060101017,1,60372060101,34.0718137,-118.232537,33.9890977,-118.4604349,32886,1644,9.45666666666667,"0-40"
339,60372754002005,60372060101003,1,60372060101,34.0784037,-118.2353731,33.988669,-118.4434593,31190,1513,9.42027777777778,"0-40"
340,60372754002006,60372060101003,1,60372060101,34.0784037,-118.2353731,33.9909276,-118.4456012,31441,1533,9.42583333333333,"0-40"
341,60372764001007,60372060101014,1,60372060101,34.073055,-118.230415,33.9723874,-118.4107087,31257,1581,9.43916666666667,"0-40"
342,60372771003002,60372060101014,1,60372060101,34.073055,-118.230415,33.9655223,-118.3819457,23849,1576,9.43777777777778,"0-40"
343,60372772002005,60372060101017,1,60372060101,34.0718137,-118.232537,33.9483876,-118.3829702,30282,1493,9.41472222222222,"0-40"
344,60372774002003,60372060101003,1,60372060101,34.0784037,-118.2353731,33.951188,-118.3740852,30509,1563,9.43416666666667,"0-40"
345,60372913002019,60372060101004,1,60372060101,34.0768963,-118.2319383,33.8662014,-118.283162,28128,1368,9.38,"0-40"
346,60372946201001,60372060101014,1,60372060101,34.073055,-118.230415,33.7887631,-118.2434529,38593,1915,9.53194444444444,"0-40"
347,60372962203008,60372060101001,1,60372060101,34.0776859,-118.2336594,33.7393332,-118.2823165,41397,1717,9.47694444444445,"40-80"
348,60373008001021,60372060101008,1,60372060101,34.0761278,-118.2344051,34.1678335,-118.2293942,14182,853,9.23694444444445,"0-40"
349,60373009011008,60372060101000,1,60372060101,34.0778658,-118.2329707,34.175572,-118.196093,15967,1082,9.30055555555556,"0-40"
350,60373010003012,60372060101014,1,60372060101,34.073055,-118.230415,34.1512331,-118.2298577,11156,638,9.17722222222222,"0-40"
351,60373016011016,60372060101016,1,60372060101,34.0742416,-118.231864,34.1699735,-118.2960771,14062,765,9.2125,"0-40"
352,60373016011016,60372060101017,2,60372060101,34.0718137,-118.232537,34.1699735,-118.2960771,14297,797,9.22138888888889,"0-40"
353,60373016011020,60372060101017,1,60372060101,34.0718137,-118.232537,34.1671402,-118.2981863,13331,634,9.17611111111111,"0-40"
354,60373016012008,60372060101014,1,60372060101,34.073055,-118.230415,34.1639629,-118.2861894,14015,758,9.21055555555555,"0-40"
355,60373016012020,60372060101014,1,60372060101,34.073055,-118.230415,34.16308,-118.2859337,13867,720,9.2,"0-40"
356,60373016012025,60372060101014,1,60372060101,34.073055,-118.230415,34.1570712,-118.2846234,14291,760,9.21111111111111,"0-40"
357,60373016012030,60372060101014,1,60372060101,34.073055,-118.230415,34.1594097,-118.282402,12867,757,9.21027777777778,"0-40"
358,60373017011012,60372060101014,1,60372060101,34.073055,-118.230415,34.1584829,-118.265116,12809,718,9.19944444444444,"0-40"
359,60373017024012,60372060101017,1,60372060101,34.0718137,-118.232537,34.1531464,-118.2716929,11949,600,9.16666666666667,"0-40"
360,60373020021007,60372060101000,1,60372060101,34.0778658,-118.2329707,34.1472026,-118.2532061,13008,1051,9.29194444444444,"0-40"
361,60373020022007,60372060101014,1,60372060101,34.073055,-118.230415,34.1508362,-118.2543548,13998,798,9.22166666666667,"0-40"
362,60373020023006,60372060101016,1,60372060101,34.0742416,-118.231864,34.1490894,-118.2474484,15139,806,9.22388888888889,"0-40"
363,60373021041003,60372060101027,1,60372060101,34.0675735,-118.2363017,34.1445111,-118.2328285,11772,699,9.19416666666667,"0-40"
364,60373023012000,60372060101014,2,60372060101,34.073055,-118.230415,34.1447475,-118.2566107,11795,815,9.22638888888889,"0-40"
365,60373023012000,60372060101017,2,60372060101,34.0718137,-118.232537,34.1447475,-118.2566107,11813,785,9.21805555555556,"0-40"
366,60373023012006,60372060101017,1,60372060101,34.0718137,-118.232537,34.1429395,-118.2625422,10973,570,9.15833333333333,"0-40"
367,60373023022004,60372060101014,1,60372060101,34.073055,-118.230415,34.1398915,-118.2564336,11767,756,9.21,"0-40"
368,60373023023001,60372060101016,1,60372060101,34.0742416,-118.231864,34.1393275,-118.2593284,11466,636,9.17666666666667,"0-40"
369,60373023023002,60372060101014,1,60372060101,34.073055,-118.230415,34.1382135,-118.2593079,11729,708,9.19666666666667,"0-40"
370,60373024015008,60372060101014,1,60372060101,34.073055,-118.230415,34.1281307,-118.2563623,8369,736,9.20444444444444,"0-40"
371,60373104003007,60372060101006,1,60372060101,34.0762753,-118.2331353,34.2039021,-118.3401911,19512,949,9.26361111111111,"0-40"
372,60373104003007,60372060101007,3,60372060101,34.0773514,-118.2341853,34.2039021,-118.3401911,19637,951,9.26416666666667,"0-40"
373,60373104003007,60372060101014,1,60372060101,34.073055,-118.230415,34.2039021,-118.3401911,19216,940,9.26111111111111,"0-40"
374,60373105011026,60372060101008,1,60372060101,34.0761278,-118.2344051,34.1899565,-118.3331282,18665,1042,9.28944444444445,"0-40"
375,60373105011027,60372060101017,1,60372060101,34.0718137,-118.232537,34.1912897,-118.3344726,18014,927,9.2575,"0-40"
376,60373106011001,60372060101017,1,60372060101,34.0718137,-118.232537,34.1937144,-118.3243114,17831,842,9.23388888888889,"0-40"
377,60373106012023,60372060101019,1,60372060101,34.0688914,-118.2348684,34.1876633,-118.3191651,17623,916,9.25444444444445,"0-40"
378,60373107022002,60372060101008,1,60372060101,34.0761278,-118.2344051,34.1813751,-118.3108754,16162,938,9.26055555555556,"0-40"
379,60373107022006,60372060101014,1,60372060101,34.073055,-118.230415,34.1816305,-118.3083696,15410,792,9.22,"0-40"
380,60373107022032,60372060101003,1,60372060101,34.0784037,-118.2353731,34.1791679,-118.3102046,15578,792,9.22,"0-40"
381,60373107023002,60372060101019,1,60372060101,34.0688914,-118.2348684,34.181992,-118.3018051,17028,912,9.25333333333333,"0-40"
382,60373107032003,60372060101008,1,60372060101,34.0761278,-118.2344051,34.1782433,-118.301898,15736,975,9.27083333333333,"0-40"
383,60373110003000,60372060101008,1,60372060101,34.0761278,-118.2344051,34.182779,-118.3394635,20462,1241,9.34472222222222,"0-40"
384,60373116003011,60372060101017,1,60372060101,34.0718137,-118.232537,34.1509697,-118.3478924,17599,896,9.24888888888889,"0-40"
385,60373117006021,60372060101000,1,60372060101,34.0778658,-118.2329707,34.1551255,-118.326076,15750,787,9.21861111111111,"0-40"
386,60373117006021,60372060101001,1,60372060101,34.0776859,-118.2336594,34.1551255,-118.326076,15686,743,9.20638888888889,"0-40"
387,60373117006021,60372060101008,1,60372060101,34.0761278,-118.2344051,34.1551255,-118.326076,16075,884,9.24555555555555,"0-40"
388,60373117006021,60372060101014,3,60372060101,34.073055,-118.230415,34.1551255,-118.326076,15267,732,9.20333333333333,"0-40"
389,60373117006021,60372060101017,1,60372060101,34.0718137,-118.232537,34.1551255,-118.326076,15285,702,9.195,"0-40"
390,60373117006021,60372060101019,1,60372060101,34.0688914,-118.2348684,34.1551255,-118.326076,16396,784,9.21777777777778,"0-40"
391,60374013112042,60372060101019,1,60372060101,34.0688914,-118.2348684,34.1070716,-117.8148664,47813,2051,9.56972222222222,"40-80"
392,60374015002060,60372060101019,1,60372060101,34.0688914,-118.2348684,34.0946788,-117.7799009,48460,2133,9.5925,"40-80"
393,60374019012000,60372060101014,1,60372060101,34.073055,-118.230415,34.1060215,-117.7091853,54262,2513,9.69805555555556,"40-80"
394,60374020021016,60372060101016,1,60372060101,34.0742416,-118.231864,34.0824859,-117.7175996,54618,2225,9.61805555555556,"40-80"
395,60374024021002,60372060101014,1,60372060101,34.073055,-118.230415,34.0600279,-117.780978,45107,2010,9.55833333333333,"40-80"
396,60374033221013,60372060101017,1,60372060101,34.0718137,-118.232537,33.9958895,-117.8383408,45055,2044,9.56777777777778,"40-80"
397,60374035001006,60372060101014,1,60372060101,34.073055,-118.230415,34.0616434,-117.8527414,38332,1785,9.49583333333333,"0-40"
398,60374036002028,60372060101014,1,60372060101,34.073055,-118.230415,34.0700728,-117.8597828,37084,1641,9.45583333333333,"0-40"
399,60374039022003,60372060101014,1,60372060101,34.073055,-118.230415,34.1074493,-117.8703285,40093,1999,9.55527777777778,"40-80"
400,60374046001007,60372060101014,1,60372060101,34.073055,-118.230415,34.1045779,-117.9362211,34135,1764,9.49,"0-40"
401,60374046002210,60372060101007,1,60372060101,34.0773514,-118.2341853,34.1025424,-117.9784998,32067,1367,9.37972222222222,"0-40"
402,60374047031006,60372060101019,1,60372060101,34.0688914,-118.2348684,34.0653449,-117.9772898,26756,1268,9.35222222222222,"0-40"
403,60374067013002,60372060101014,1,60372060101,34.073055,-118.230415,34.0556702,-117.9411705,30741,1576,9.43777777777778,"0-40"
404,60374070021010,60372060101016,1,60372060101,34.0742416,-118.231864,34.0486217,-117.9908607,27024,1327,9.36861111111111,"0-40"
405,60374070021012,60372060101016,1,60372060101,34.0742416,-118.231864,34.0471725,-117.9891868,27571,1388,9.38555555555556,"0-40"
406,60374070022018,60372060101016,1,60372060101,34.0742416,-118.231864,34.0583468,-117.9886142,26166,1302,9.36166666666667,"0-40"
407,60374075011000,60372060101014,1,60372060101,34.073055,-118.230415,34.0508894,-117.9452015,30391,1661,9.46138888888889,"0-40"
408,60374082021006,60372060101008,1,60372060101,34.0761278,-118.2344051,34.0406529,-117.9842096,30901,1620,9.45,"0-40"
409,60374082022106,60372060101019,1,60372060101,34.0688914,-118.2348684,34.0127065,-117.9515793,33976,1746,9.485,"0-40"
410,60374082111049,60372060101014,1,60372060101,34.073055,-118.230415,33.9993505,-117.91715,37196,1780,9.49444444444444,"0-40"
411,60374082111051,60372060101014,1,60372060101,34.073055,-118.230415,33.9973948,-117.9193515,36474,1732,9.48111111111111,"0-40"
412,60374086312000,60372060101014,1,60372060101,34.073055,-118.230415,34.0029729,-117.9616707,32814,1630,9.45277777777778,"0-40"
413,60374303011004,60372060101027,1,60372060101,34.0675735,-118.2363017,34.1611167,-118.0052847,33610,1599,9.44416666666667,"0-40"
414,60374307211008,60372060101014,1,60372060101,34.073055,-118.230415,34.1386379,-118.0466152,28817,1321,9.36694444444444,"0-40"
415,60374310013019,60372060101016,1,60372060101,34.0742416,-118.231864,34.147512,-118.0020729,32279,1500,9.41666666666667,"0-40"
416,60374311003017,60372060101005,1,60372060101,34.0761265,-118.2324045,34.1417813,-118.0019614,33001,1397,9.38805555555555,"0-40"
417,60374316001007,60372060101019,1,60372060101,34.0688914,-118.2348684,34.1085036,-118.0335675,25208,1477,9.41027777777778,"0-40"
418,60374322012011,60372060101027,1,60372060101,34.0675735,-118.2363017,34.0813818,-118.0830785,18361,1091,9.30305555555556,"0-40"
419,60374323003008,60372060101014,1,60372060101,34.073055,-118.230415,34.0869497,-118.0534346,20955,1188,9.33,"0-40"
420,60374328023012,60372060101014,1,60372060101,34.073055,-118.230415,34.0802759,-118.052904,20162,1102,9.30611111111111,"0-40"
421,60374329023002,60372060101017,1,60372060101,34.0718137,-118.232537,34.0785075,-118.0622725,18947,1029,9.28583333333333,"0-40"
422,60374331012019,60372060101017,1,60372060101,34.0718137,-118.232537,34.0713814,-118.0623101,17973,887,9.24638888888889,"0-40"
423,60374337003020,60372060101014,1,60372060101,34.073055,-118.230415,34.0478377,-118.0571125,20591,1227,9.34083333333333,"0-40"
424,60374338012003,60372060101019,1,60372060101,34.0688914,-118.2348684,34.0518607,-118.0356742,24502,1264,9.35111111111111,"0-40"
425,60374338012005,60372060101014,1,60372060101,34.073055,-118.230415,34.0503554,-118.0404583,23975,1238,9.34388888888889,"0-40"
426,60374338012005,60372060101017,1,60372060101,34.0718137,-118.232537,34.0503554,-118.0404583,23852,1185,9.32916666666667,"0-40"
427,60374338012010,60372060101027,1,60372060101,34.0675735,-118.2363017,34.0486166,-118.036494,23790,1306,9.36277777777778,"0-40"
428,60374605023012,60372060101019,1,60372060101,34.0688914,-118.2348684,34.2051778,-118.2012711,20040,898,9.24944444444444,"0-40"
429,60374610004007,60372060101017,1,60372060101,34.0718137,-118.232537,34.1855713,-118.167131,17662,1051,9.29194444444444,"0-40"
430,60374616004010,60372060101014,1,60372060101,34.073055,-118.230415,34.1633942,-118.1558474,14810,907,9.25194444444444,"0-40"
431,60374619012000,60372060101008,1,60372060101,34.0761278,-118.2344051,34.1561821,-118.1524997,14619,1083,9.30083333333333,"0-40"
432,60374619021012,60372060101016,1,60372060101,34.0742416,-118.231864,34.1503911,-118.1421997,14106,874,9.24277777777778,"0-40"
433,60374619022024,60372060101025,1,60372060101,34.0694936,-118.2331745,34.1483424,-118.1524734,13747,991,9.27527777777778,"0-40"
434,60374622012000,60372060101014,2,60372060101,34.073055,-118.230415,34.1532887,-118.1376979,15111,1058,9.29388888888889,"0-40"
435,60374622012001,60372060101017,1,60372060101,34.0718137,-118.232537,34.1532802,-118.1392063,15007,1006,9.27944444444444,"0-40"
436,60374622012001,60372060101027,1,60372060101,34.0675735,-118.2363017,34.1532802,-118.1392063,16093,1096,9.30444444444444,"0-40"
437,60374622013000,60372060101027,1,60372060101,34.0675735,-118.2363017,34.1560066,-118.1377289,16325,1123,9.31194444444444,"0-40"
438,60374622021009,60372060101014,1,60372060101,34.073055,-118.230415,34.1467042,-118.1360059,14581,1076,9.29888888888889,"0-40"
439,60374623022009,60372060101007,1,60372060101,34.0773514,-118.2341853,34.1508908,-118.1316489,15503,904,9.25111111111111,"0-40"
440,60374624004007,60372060101014,1,60372060101,34.073055,-118.230415,34.1587847,-118.1317241,15910,1017,9.2825,"0-40"
441,60374625003000,60372060101019,1,60372060101,34.0688914,-118.2348684,34.1685986,-118.100556,21320,1263,9.35083333333333,"0-40"
442,60374627004003,60372060101008,1,60372060101,34.0761278,-118.2344051,34.1512356,-118.1193436,17017,1089,9.3025,"0-40"
443,60374629003061,60372060101027,1,60372060101,34.0675735,-118.2363017,34.1475648,-118.0917384,20375,1181,9.32805555555556,"0-40"
444,60374636013000,60372060101014,1,60372060101,34.073055,-118.230415,34.1452203,-118.1331082,14745,1053,9.2925,"0-40"
445,60374636013000,60372060101019,1,60372060101,34.0688914,-118.2348684,34.1452203,-118.1331082,15874,1104,9.30666666666667,"0-40"
446,60374636022000,60372060101017,1,60372060101,34.0718137,-118.232537,34.1451835,-118.1437083,13450,789,9.21916666666667,"0-40"
447,60374636023000,60372060101006,1,60372060101,34.0762753,-118.2331353,34.1433334,-118.142134,13852,863,9.23972222222222,"0-40"
448,60374639001001,60372060101007,1,60372060101,34.0773514,-118.2341853,34.1348939,-118.1529509,12001,757,9.21027777777778,"0-40"
449,60374639001001,60372060101014,1,60372060101,34.073055,-118.230415,34.1348939,-118.1529509,11581,746,9.20722222222222,"0-40"
450,60374641004016,60372060101017,1,60372060101,34.0718137,-118.232537,34.1133577,-118.1187007,13790,917,9.25472222222222,"0-40"
451,60374803022020,60372060101014,1,60372060101,34.073055,-118.230415,34.0989624,-118.1209907,14285,1001,9.27805555555556,"0-40"
452,60374803023002,60372060101014,1,60372060101,34.073055,-118.230415,34.1001074,-118.1296208,13094,901,9.25027777777778,"0-40"
453,60374803041002,60372060101014,1,60372060101,34.073055,-118.230415,34.0946901,-118.1318701,13867,970,9.26944444444444,"0-40"
454,60374803041004,60372060101006,1,60372060101,34.0762753,-118.2331353,34.0936377,-118.1307602,16887,963,9.2675,"0-40"
455,60374803041004,60372060101007,1,60372060101,34.0773514,-118.2341853,34.0936377,-118.1307602,17012,962,9.26722222222222,"0-40"
456,60374807031001,60372060101017,1,60372060101,34.0718137,-118.232537,34.1148621,-118.1643164,10042,550,9.15277777777778,"0-40"
457,60374807042017,60372060101014,1,60372060101,34.073055,-118.230415,34.1016369,-118.155073,10709,719,9.19972222222222,"0-40"
458,60374808021001,60372060101027,1,60372060101,34.0675735,-118.2363017,34.0870892,-118.1473508,13120,969,9.26916666666667,"0-40"
459,60374808021022,60372060101014,1,60372060101,34.073055,-118.230415,34.0773606,-118.1481212,11563,823,9.22861111111111,"0-40"
460,60374808022019,60372060101014,1,60372060101,34.073055,-118.230415,34.0797066,-118.1547709,11654,865,9.24027777777778,"0-40"
461,60374808033002,60372060101008,1,60372060101,34.0761278,-118.2344051,34.0893159,-118.1546308,13162,1045,9.29027777777778,"0-40"
462,60374810011000,60372060101004,1,60372060101,34.0768963,-118.2319383,34.0939787,-118.1267114,15793,1102,9.30611111111111,"0-40"
463,60374810011000,60372060101014,1,60372060101,34.073055,-118.230415,34.0939787,-118.1267114,13906,1073,9.29805555555556,"0-40"
464,60374810012001,60372060101027,1,60372060101,34.0675735,-118.2363017,34.0910171,-118.131382,14844,1031,9.28638888888889,"0-40"
465,60374810022004,60372060101014,1,60372060101,34.073055,-118.230415,34.09336,-118.1235184,15259,1013,9.28138888888889,"0-40"
466,60374810022007,60372060101014,2,60372060101,34.073055,-118.230415,34.0906419,-118.1229947,14872,954,9.265,"0-40"
467,60374814021003,60372060101014,1,60372060101,34.073055,-118.230415,34.0853255,-118.0938261,16609,1013,9.28138888888889,"0-40"
468,60374814022009,60372060101025,1,60372060101,34.0694936,-118.2331745,34.0785202,-118.0964145,15575,907,9.25194444444444,"0-40"
469,60374814025012,60372060101014,1,60372060101,34.073055,-118.230415,34.0817793,-118.0890891,16999,995,9.27638888888889,"0-40"
470,60374815001006,60372060101017,1,60372060101,34.0718137,-118.232537,34.0785065,-118.1098225,15198,897,9.24916666666667,"0-40"
471,60374815001010,60372060101014,1,60372060101,34.073055,-118.230415,34.076513,-118.1154735,13958,853,9.23694444444445,"0-40"
472,60374817112002,60372060101017,1,60372060101,34.0718137,-118.232537,34.0679715,-118.1218652,12790,755,9.20972222222222,"0-40"
473,60374817122007,60372060101014,1,60372060101,34.073055,-118.230415,34.0636796,-118.1147348,15309,906,9.25166666666667,"0-40"
474,60374817132005,60372060101027,1,60372060101,34.0675735,-118.2363017,34.0680128,-118.1237061,13396,835,9.23194444444444,"0-40"
475,60374817141002,60372060101017,1,60372060101,34.0718137,-118.232537,34.0643141,-118.1313369,12368,757,9.21027777777778,"0-40"
476,60374817141003,60372060101019,1,60372060101,34.0688914,-118.2348684,34.0642994,-118.1331693,12677,835,9.23194444444444,"0-40"
477,60374817142008,60372060101017,1,60372060101,34.0718137,-118.232537,34.0631243,-118.1267683,13753,859,9.23861111111111,"0-40"
478,60374820011005,60372060101014,2,60372060101,34.073055,-118.230415,34.056386,-118.1482009,11518,722,9.20055555555555,"0-40"
479,60374820011020,60372060101008,1,60372060101,34.0761278,-118.2344051,34.0522539,-118.1531717,15204,845,9.23472222222222,"0-40"
480,60374820012001,60372060101017,1,60372060101,34.0718137,-118.232537,34.0606319,-118.1582645,10248,683,9.18972222222222,"0-40"
481,60374822011017,60372060101014,1,60372060101,34.073055,-118.230415,34.0605485,-118.1241466,12745,937,9.26027777777778,"0-40"
482,60374822012004,60372060101017,1,60372060101,34.0718137,-118.232537,34.0582674,-118.1244567,13866,883,9.24527777777778,"0-40"
483,60374823042001,60372060101017,1,60372060101,34.0718137,-118.232537,34.0643752,-118.0956258,15553,829,9.23027777777778,"0-40"
484,60374825031003,60372060101017,1,60372060101,34.0718137,-118.232537,34.0571101,-118.0940788,16581,990,9.275,"0-40"
485,60374825031004,60372060101019,1,60372060101,34.0688914,-118.2348684,34.0594582,-118.09287,17256,1018,9.28277777777778,"0-40"
486,60374825032000,60372060101008,1,60372060101,34.0761278,-118.2344051,34.0611817,-118.0952212,19125,1028,9.28555555555556,"0-40"
487,60374825221010,60372060101007,1,60372060101,34.0773514,-118.2341853,34.0411713,-118.0875442,21105,1003,9.27861111111111,"0-40"
488,60374826002023,60372060101014,1,60372060101,34.073055,-118.230415,34.043218,-118.1041057,18377,1170,9.325,"0-40"
489,60374828002005,60372060101027,1,60372060101,34.0675735,-118.2363017,34.0338091,-118.1261528,16834,926,9.25722222222222,"0-40"
490,60375003001138,60372060101014,1,60372060101,34.073055,-118.230415,34.0050072,-118.0553987,30510,1486,9.41277777777778,"0-40"
491,60375027002064,60372060101008,1,60372060101,34.0761278,-118.2344051,33.958633,-118.0536938,30990,1681,9.46694444444444,"0-40"
492,60375028021006,60372060101027,1,60372060101,34.0675735,-118.2363017,33.9413392,-118.0805747,24529,1483,9.41194444444444,"0-40"
493,60375035023010,60372060101001,1,60372060101,34.0776859,-118.2336594,33.9284044,-118.0075407,34064,1977,9.54916666666667,"0-40"
494,60375041021047,60372060101001,1,60372060101,34.0776859,-118.2336594,33.8936284,-118.0430674,31770,1486,9.41277777777778,"0-40"
495,60375041021073,60372060101001,1,60372060101,34.0776859,-118.2336594,33.892385,-118.0517538,31088,1498,9.41611111111111,"0-40"
496,60375300052006,60372060101014,1,60372060101,34.073055,-118.230415,34.0322254,-118.1239794,15398,935,9.25972222222222,"0-40"
497,60375301013000,60372060101014,1,60372060101,34.073055,-118.230415,34.0149914,-118.0997914,21850,1270,9.35277777777778,"0-40"
498,60375301021000,60372060101017,1,60372060101,34.0718137,-118.232537,34.0167373,-118.1064295,21059,1109,9.30805555555555,"0-40"
499,60375304002038,60372060101006,1,60372060101,34.0762753,-118.2331353,34.036376,-118.1565242,13495,574,9.15944444444444,"0-40"
500,60375307001024,60372060101017,1,60372060101,34.0718137,-118.232537,34.0596048,-118.1807185,7477,553,9.15361111111111,"0-40"
501,60375307001025,60372060101016,1,60372060101,34.0742416,-118.231864,34.0606194,-118.1777806,7834,588,9.16333333333333,"0-40"
502,60375308014003,60372060101014,1,60372060101,34.073055,-118.230415,34.0482336,-118.1880029,8142,690,9.19166666666667,"0-40"
503,60375311021005,60372060101014,1,60372060101,34.073055,-118.230415,34.0370703,-118.1840446,10911,782,9.21722222222222,"0-40"
504,60375315024002,60372060101014,1,60372060101,34.073055,-118.230415,34.0198109,-118.1693664,11727,838,9.23277777777778,"0-40"
505,60375317021025,60372060101014,1,60372060101,34.073055,-118.230415,34.0165469,-118.1556953,14011,962,9.26722222222222,"0-40"
506,60375319011000,60372060101016,1,60372060101,34.0742416,-118.231864,34.0168856,-118.141692,17263,999,9.2775,"0-40"
507,60375321021009,60372060101014,1,60372060101,34.073055,-118.230415,33.9983747,-118.1116637,18305,1272,9.35333333333333,"0-40"
508,60375322003024,60372060101001,1,60372060101,34.0776859,-118.2336594,33.9789603,-118.1255596,19029,1001,9.27805555555556,"0-40"
509,60375323031020,60372060101014,1,60372060101,34.073055,-118.230415,34.0032517,-118.166607,13137,908,9.25222222222222,"0-40"
510,60375323032004,60372060101014,1,60372060101,34.073055,-118.230415,33.9977525,-118.1479573,14756,892,9.24777777777778,"0-40"
511,60375323033007,60372060101001,1,60372060101,34.0776859,-118.2336594,34.0160573,-118.1512791,15718,885,9.24583333333333,"0-40"
512,60375323033007,60372060101014,1,60372060101,34.073055,-118.230415,34.0160573,-118.1512791,14414,1004,9.27888888888889,"0-40"
513,60375323033010,60372060101014,1,60372060101,34.073055,-118.230415,34.0131519,-118.1499612,14371,998,9.27722222222222,"0-40"
514,60375323033024,60372060101017,1,60372060101,34.0718137,-118.232537,34.0049335,-118.1511169,13921,969,9.26916666666667,"0-40"
515,60375323033024,60372060101019,1,60372060101,34.0688914,-118.2348684,34.0049335,-118.1511169,15106,976,9.27111111111111,"0-40"
516,60375323033038,60372060101014,1,60372060101,34.073055,-118.230415,33.9993945,-118.1422806,15431,1067,9.29638888888889,"0-40"
517,60375323042005,60372060101017,1,60372060101,34.0718137,-118.232537,33.9903384,-118.1464847,16993,1035,9.2875,"0-40"
518,60375323042107,60372060101008,1,60372060101,34.0761278,-118.2344051,33.9881919,-118.1616021,17075,1133,9.31472222222222,"0-40"
519,60375324001026,60372060101014,1,60372060101,34.073055,-118.230415,34.0110621,-118.2345106,12513,905,9.25138888888889,"0-40"
520,60375324001053,60372060101017,1,60372060101,34.0718137,-118.232537,34.0007115,-118.1875304,14152,866,9.24055555555556,"0-40"
521,60375324001063,60372060101014,1,60372060101,34.073055,-118.230415,34.0085336,-118.2335747,9835,901,9.25027777777778,"0-40"
522,60375324001078,60372060101017,1,60372060101,34.0718137,-118.232537,33.9976444,-118.2339341,10848,965,9.26805555555556,"0-40"
523,60375324001082,60372060101014,1,60372060101,34.073055,-118.230415,34.0026925,-118.223959,9965,990,9.275,"0-40"
524,60375324001089,60372060101017,1,60372060101,34.0718137,-118.232537,34.0029699,-118.2068084,10404,995,9.27638888888889,"0-40"
525,60375324001098,60372060101003,1,60372060101,34.0784037,-118.2353731,33.9998589,-118.1936574,16423,855,9.2375,"0-40"
526,60375324001129,60372060101017,2,60372060101,34.0718137,-118.232537,33.9982036,-118.2209401,9920,890,9.24722222222222,"0-40"
527,60375324001158,60372060101014,1,60372060101,34.073055,-118.230415,33.9902331,-118.2321395,11670,1090,9.30277777777778,"0-40"
528,60375334032006,60372060101003,1,60372060101,34.0784037,-118.2353731,33.9828893,-118.18903,16786,1048,9.29111111111111,"0-40"
529,60375336033003,60372060101008,1,60372060101,34.0761278,-118.2344051,33.9726233,-118.1902456,20402,1211,9.33638888888889,"0-40"
530,60375338062007,60372060101016,1,60372060101,34.0742416,-118.231864,33.978961,-118.1723931,18330,1103,9.30638888888889,"0-40"
531,60375349003005,60372060101014,1,60372060101,34.073055,-118.230415,33.9730276,-118.2388734,17875,1304,9.36222222222222,"0-40"
532,60375353002005,60372060101014,1,60372060101,34.073055,-118.230415,33.964896,-118.2331879,14617,1469,9.40805555555556,"0-40"
533,60375361023002,60372060101003,1,60372060101,34.0784037,-118.2353731,33.9521049,-118.1675296,21153,1157,9.32138888888889,"0-40"
534,60375361023013,60372060101008,1,60372060101,34.0761278,-118.2344051,33.9468445,-118.1677572,21352,1189,9.33027777777778,"0-40"
535,60375361041002,60372060101014,1,60372060101,34.073055,-118.230415,33.9532111,-118.1778528,19486,1087,9.30194444444444,"0-40"
536,60375361041010,60372060101014,1,60372060101,34.073055,-118.230415,33.9490332,-118.1798936,20210,1180,9.32777777777778,"0-40"
537,60375361041010,60372060101017,1,60372060101,34.0718137,-118.232537,33.9490332,-118.1798936,21739,1089,9.3025,"0-40"
538,60375405012008,60372060101014,1,60372060101,34.073055,-118.230415,33.9258534,-118.2268999,24596,1282,9.35611111111111,"0-40"
539,60375410011000,60372060101019,1,60372060101,34.0688914,-118.2348684,33.8980746,-118.2716238,24275,1288,9.35777777777778,"0-40"
540,60375410011011,60372060101001,1,60372060101,34.0776859,-118.2336594,33.8941388,-118.2792435,23264,1104,9.30666666666667,"0-40"
541,60375410021041,60372060101014,1,60372060101,34.073055,-118.230415,33.8774978,-118.2764794,25809,1350,9.375,"0-40"
542,60375411003003,60372060101014,1,60372060101,34.073055,-118.230415,33.8988331,-118.2667383,24376,1298,9.36055555555556,"0-40"
543,60375412005015,60372060101027,1,60372060101,34.0675735,-118.2363017,33.9038909,-118.2571458,24441,1345,9.37361111111111,"0-40"
544,60375421063001,60372060101014,1,60372060101,34.073055,-118.230415,33.8952042,-118.193912,27154,1444,9.40111111111111,"0-40"
545,60375428003003,60372060101017,1,60372060101,34.0718137,-118.232537,33.8970628,-118.2505918,24641,1317,9.36583333333333,"0-40"
546,60375432012006,60372060101014,1,60372060101,34.073055,-118.230415,33.8849886,-118.2303056,32466,1616,9.44888888888889,"0-40"
547,60375432024009,60372060101019,1,60372060101,34.0688914,-118.2348684,33.8757519,-118.2212548,31359,1430,9.39722222222222,"0-40"
548,60375433051059,60372060101014,1,60372060101,34.073055,-118.230415,33.8606511,-118.2051633,30073,1525,9.42361111111111,"0-40"
549,60375433051067,60372060101001,1,60372060101,34.0776859,-118.2336594,33.8508527,-118.2156904,34475,1530,9.425,"0-40"
550,60375433211005,60372060101017,1,60372060101,34.0718137,-118.232537,33.8707817,-118.2411078,29863,1399,9.38861111111111,"0-40"
551,60375439051016,60372060101017,1,60372060101,34.0718137,-118.232537,33.8125668,-118.2568519,34816,1582,9.43944444444444,"0-40"
552,60375508002024,60372060101019,1,60372060101,34.0688914,-118.2348684,33.9446019,-118.1387783,22685,1304,9.36222222222222,"0-40"
553,60375536012023,60372060101014,1,60372060101,34.073055,-118.230415,33.9036668,-118.1656789,25222,1298,9.36055555555556,"0-40"
554,60375536012035,60372060101017,1,60372060101,34.0718137,-118.232537,33.896399,-118.1640819,26048,1352,9.37555555555556,"0-40"
555,60375536012043,60372060101017,1,60372060101,34.0718137,-118.232537,33.9036522,-118.1714976,25037,1232,9.34222222222222,"0-40"
556,60375545121002,60372060101003,1,60372060101,34.0784037,-118.2353731,33.8849397,-118.0591323,32584,1574,9.43722222222222,"0-40"
557,60375549005011,60372060101014,1,60372060101,34.073055,-118.230415,33.8573521,-118.0842684,32829,1745,9.48472222222222,"0-40"
558,60375701002002,60372060101014,1,60372060101,34.073055,-118.230415,33.8642035,-118.1578006,31923,1570,9.43611111111111,"0-40"
559,60375704022008,60372060101014,1,60372060101,34.073055,-118.230415,33.8657896,-118.2025338,29667,1444,9.40111111111111,"0-40"
560,60375722021015,60372060101003,1,60372060101,34.0784037,-118.2353731,33.8077798,-118.1869205,38821,1748,9.48555555555556,"0-40"
561,60375726002002,60372060101017,1,60372060101,34.0718137,-118.232537,33.8113077,-118.2150304,36772,1613,9.44805555555556,"0-40"
562,60375734023026,60372060101014,1,60372060101,34.073055,-118.230415,33.7997252,-118.1749309,40944,1849,9.51361111111111,"40-80"
563,60375737006009,60372060101014,1,60372060101,34.073055,-118.230415,33.8288839,-118.1090088,38013,1897,9.52694444444444,"0-40"
564,60375742022007,60372060101014,1,60372060101,34.073055,-118.230415,33.8004309,-118.1397704,43284,1870,9.51944444444444,"40-80"
565,60375776022014,60372060101014,1,60372060101,34.073055,-118.230415,33.7675033,-118.1078213,45379,2135,9.59305555555556,"40-80"
566,60376013021006,60372060101014,1,60372060101,34.073055,-118.230415,33.9671745,-118.358012,21465,1648,9.45777777777778,"0-40"
567,60376025091001,60372060101001,1,60372060101,34.0776859,-118.2336594,33.9157183,-118.3288419,23858,1147,9.31861111111111,"0-40"
568,60376025093009,60372060101003,1,60372060101,34.0784037,-118.2353731,33.9222131,-118.3337125,24293,1263,9.35083333333333,"0-40"
569,60376025093009,60372060101017,1,60372060101,34.0718137,-118.232537,33.9222131,-118.3337125,24398,1227,9.34083333333333,"0-40"
570,60376025093010,60372060101008,1,60372060101,34.0761278,-118.2344051,33.9203933,-118.3326593,24349,1301,9.36138888888889,"0-40"
571,60376025093016,60372060101007,1,60372060101,34.0773514,-118.2341853,33.9187541,-118.3413101,25401,1293,9.35916666666667,"0-40"
572,60376210012011,60372060101027,1,60372060101,34.0675735,-118.2363017,33.8658345,-118.3943472,37087,2104,9.58444444444445,"0-40"
573,60376211042004,60372060101019,1,60372060101,34.0688914,-118.2348684,33.8618978,-118.4005882,36589,2273,9.63138888888889,"0-40"
574,60376501012013,60372060101008,1,60372060101,34.0761278,-118.2344051,33.8626723,-118.3101171,29361,1416,9.39333333333333,"0-40"
575,60376504011006,60372060101017,1,60372060101,34.0718137,-118.232537,33.8443376,-118.342501,33847,1679,9.46638888888889,"0-40"
576,60376504011017,60372060101019,1,60372060101,34.0688914,-118.2348684,33.8386691,-118.3414491,34111,1777,9.49361111111111,"0-40"
577,60376506021014,60372060101003,1,60372060101,34.0784037,-118.2353731,33.8385061,-118.3591928,36001,2004,9.55666666666667,"0-40"
578,60376509014008,60372060101014,1,60372060101,34.073055,-118.230415,33.8367958,-118.3161694,32357,1565,9.43472222222222,"0-40"
579,60376701001003,60372060101014,1,60372060101,34.073055,-118.230415,33.787767,-118.3208941,38427,1916,9.53222222222222,"0-40"
580,60377004003001,60372060101008,1,60372060101,34.0761278,-118.2344051,34.0871776,-118.3771689,15803,1625,9.45138888888889,"0-40"
581,60377004003001,60372060101019,1,60372060101,34.0688914,-118.2348684,34.0871776,-118.3771689,15173,1557,9.4325,"0-40"
582,60377004003013,60372060101019,1,60372060101,34.0688914,-118.2348684,34.0825578,-118.3845862,15655,1697,9.47138888888889,"0-40"
583,60377005021003,60372060101001,1,60372060101,34.0776859,-118.2336594,34.0915119,-118.3796476,17974,1505,9.41805555555556,"0-40"
584,60377005021005,60372060101008,1,60372060101,34.0761278,-118.2344051,34.0928912,-118.379046,18169,1540,9.42777777777778,"0-40"
585,60377008013026,60372060101014,1,60372060101,34.073055,-118.230415,34.0693788,-118.4009432,22370,1633,9.45361111111111,"0-40"
586,60377008013034,60372060101008,1,60372060101,34.0761278,-118.2344051,34.0681463,-118.4027454,22539,1641,9.45583333333333,"0-40"
587,60377008013036,60372060101017,1,60372060101,34.0718137,-118.232537,34.0688636,-118.4051539,18511,2045,9.56805555555556,"0-40"
588,60377009012004,60372060101003,1,60372060101,34.0784037,-118.2353731,34.0658843,-118.3826162,19487,1324,9.36777777777778,"0-40"
589,60377010001001,60372060101016,1,60372060101,34.0742416,-118.231864,34.0665897,-118.4006985,21739,1456,9.40444444444444,"0-40"
590,60377010002007,60372060101014,1,60372060101,34.073055,-118.230415,34.0657639,-118.4106222,25292,1576,9.43777777777778,"0-40"
591,60377014023016,60372060101019,1,60372060101,34.0688914,-118.2348684,34.0186337,-118.5005021,27967,1543,9.42861111111111,"0-40"
592,60377015023008,60372060101014,1,60372060101,34.073055,-118.230415,34.020372,-118.4919075,27703,1374,9.38166666666667,"0-40"
593,60377015023013,60372060101017,1,60372060101,34.0718137,-118.232537,34.0226568,-118.4890846,27813,1356,9.37666666666667,"0-40"
594,60377017012018,60372060101014,1,60372060101,34.073055,-118.230415,34.0302298,-118.4732698,25752,1261,9.35027777777778,"0-40"
595,60377017013005,60372060101004,1,60372060101,34.0768963,-118.2319383,34.0279164,-118.4761178,26661,1423,9.39527777777778,"0-40"
596,60377019022004,60372060101017,1,60372060101,34.0718137,-118.232537,34.0172842,-118.4989229,28225,1506,9.41833333333333,"0-40"
597,60377019022007,60372060101014,1,60372060101,34.073055,-118.230415,34.0164967,-118.4998992,28860,1602,9.445,"0-40"
598,60377019023015,60372060101016,1,60372060101,34.0742416,-118.231864,34.0105262,-118.4921762,27437,1266,9.35166666666667,"0-40"
599,60377024001000,60372060101004,1,60372060101,34.0768963,-118.2319383,34.0216329,-118.381353,18783,1548,9.43,"0-40"
600,60377024003027,60372060101019,1,60372060101,34.0688914,-118.2348684,34.0295301,-118.3848005,16165,1000,9.27777777777778,"0-40"
601,60377024004016,60372060101004,1,60372060101,34.0768963,-118.2319383,34.0254177,-118.3872654,19376,1245,9.34583333333333,"0-40"
602,60377025012000,60372060101019,1,60372060101,34.0688914,-118.2348684,34.0154951,-118.3918648,19696,1717,9.47694444444445,"0-40"
603,60377025022016,60372060101000,1,60372060101,34.0778658,-118.2329707,34.0063511,-118.3933085,19947,1593,9.4425,"0-40"
604,60377025022016,60372060101001,1,60372060101,34.0776859,-118.2336594,34.0063511,-118.3933085,19883,1547,9.42972222222222,"0-40"
605,60377025022016,60372060101004,1,60372060101,34.0768963,-118.2319383,34.0063511,-118.3933085,20935,1718,9.47722222222222,"0-40"
606,60377025022016,60372060101007,1,60372060101,34.0773514,-118.2341853,34.0063511,-118.3933085,19884,1547,9.42972222222222,"0-40"
607,60377025022016,60372060101014,1,60372060101,34.073055,-118.230415,34.0063511,-118.3933085,20406,1649,9.45805555555556,"0-40"
608,60377025022016,60372060101017,1,60372060101,34.0718137,-118.232537,34.0063511,-118.3933085,20109,1575,9.4375,"0-40"
609,60377025022024,60372060101004,1,60372060101,34.0768963,-118.2319383,34.0038996,-118.3915464,21358,1846,9.51277777777778,"0-40"
610,60377030012000,60372060101004,1,60372060101,34.0768963,-118.2319383,33.9881878,-118.3839249,22860,1518,9.42166666666667,"0-40"
611,60377030012000,60372060101014,1,60372060101,34.073055,-118.230415,33.9881878,-118.3839249,22330,1449,9.4025,"0-40"
612,60377030012000,60372060101017,1,60372060101,34.0718137,-118.232537,33.9881878,-118.3839249,22034,1375,9.38194444444444,"0-40"
613,60377030012001,60372060101025,1,60372060101,34.0694936,-118.2331745,33.9879085,-118.3885241,21804,1421,9.39472222222222,"0-40"
614,60377030012030,60372060101001,1,60372060101,34.0776859,-118.2336594,33.9852987,-118.3901802,22538,1417,9.39361111111111,"0-40"
615,60377030012030,60372060101005,1,60372060101,34.0761265,-118.2324045,33.9852987,-118.3901802,22359,1409,9.39138888888889,"0-40"
616,60377030012030,60372060101007,1,60372060101,34.0773514,-118.2341853,33.9852987,-118.3901802,22539,1417,9.39361111111111,"0-40"
617,60377030012030,60372060101008,1,60372060101,34.0761278,-118.2344051,33.9852987,-118.3901802,22926,1558,9.43277777777778,"0-40"
618,60379102091006,60372060101014,1,60372060101,34.073055,-118.230415,34.6069598,-118.1984139,105219,3960,10.1,"80-120"
619,60379800051001,60372060101017,1,60372060101,34.0718137,-118.232537,33.8573083,-118.3107418,29388,1300,9.36111111111111,"0-40"
620,60379800101060,60372060101014,1,60372060101,34.073055,-118.230415,34.070878,-118.2410635,3288,487,9.13527777777778,"0-40"
621,60379800101060,60372060101017,1,60372060101,34.0718137,-118.232537,34.070878,-118.2410635,3165,434,9.12055555555555,"0-40"
622,60379800101069,60372060101027,1,60372060101,34.0675735,-118.2363017,34.0724155,-118.2277404,1536,193,9.05361111111111,"0-40"
623,60379800131015,60372060101014,1,60372060101,34.073055,-118.230415,33.9179748,-118.3890966,31098,1486,9.41277777777778,"0-40"
624,60379800131016,60372060101017,1,60372060101,34.0718137,-118.232537,33.9179079,-118.3934139,30881,1470,9.40833333333333,"0-40"
625,60379800131028,60372060101019,1,60372060101,34.0688914,-118.2348684,33.9036263,-118.3858625,31327,1593,9.4425,"0-40"
626,60379800281019,60372060101017,1,60372060101,34.0718137,-118.232537,33.9423777,-118.416032,35348,1649,9.45805555555556,"0-40"
627,60379800281022,60372060101017,1,60372060101,34.0718137,-118.232537,33.9447138,-118.4038642,31873,1512,9.42,"0-40"
628,60379800281073,60372060101014,1,60372060101,34.073055,-118.230415,33.9327116,-118.3753958,28123,1296,9.36,"0-40"
629,60379800281075,60372060101014,1,60372060101,34.073055,-118.230415,33.9307164,-118.3725292,31635,1428,9.39666666666667,"0-40"
634,60590012023002,60372060101003,1,60372060101,34.0784037,-118.2353731,33.9316049,-117.9454718,47361,2186,9.60722222222222,"40-80"
635,60590015071013,60372060101006,1,60372060101,34.0762753,-118.2331353,33.9256128,-117.9014053,56241,2274,9.63166666666667,"40-80"
636,60590218252027,60372060101017,1,60372060101,34.0718137,-118.232537,33.8776198,-117.7523129,62991,2622,9.72833333333333,"40-80"
637,60590320231029,60372060101014,1,60372060101,34.073055,-118.230415,33.464532,-117.588225,103898,4211,10.1697222222222,"80-120"
638,60590422011015,60372060101014,1,60372060101,34.073055,-118.230415,33.4822611,-117.6734503,92296,3630,10.0083333333333,"80-120"
639,60590423151017,60372060101027,1,60372060101,34.0675735,-118.2363017,33.5536985,-117.6781945,86494,3424,9.95111111111111,"80-120"
640,60590524271013,60372060101019,1,60372060101,34.0688914,-118.2348684,33.6685636,-117.6455218,82020,3198,9.88833333333333,"80-120"
641,60590525135001,60372060101017,1,60372060101,34.0718137,-118.232537,33.6762341,-117.7944158,68480,2890,9.80277777777778,"40-80"
642,60590626102010,60372060101006,1,60372060101,34.0762753,-118.2331353,33.6811925,-117.8740545,65553,2614,9.72611111111111,"40-80"
643,60590626102035,60372060101014,1,60372060101,34.073055,-118.230415,33.6792988,-117.8554234,67898,2873,9.79805555555556,"40-80"
644,60590626102090,60372060101019,1,60372060101,34.0688914,-118.2348684,33.6732322,-117.8529777,75846,2967,9.82416666666667,"40-80"
645,60590626102114,60372060101014,1,60372060101,34.073055,-118.230415,33.6701056,-117.8624481,68375,2915,9.80972222222222,"40-80"
646,60590626193018,60372060101008,1,60372060101,34.0761278,-118.2344051,33.5343606,-117.7755016,85469,3705,10.0291666666667,"80-120"
647,60590626321010,60372060101014,1,60372060101,34.073055,-118.230415,33.5560625,-117.767504,81868,3493,9.97027777777778,"80-120"
648,60590630081002,60372060101014,1,60372060101,34.073055,-118.230415,33.6147546,-117.8821837,73931,3258,9.905,"40-80"
649,60590755041013,60372060101014,1,60372060101,34.073055,-118.230415,33.75446,-117.8329168,56503,2547,9.7075,"40-80"
650,60590755151082,60372060101014,1,60372060101,34.073055,-118.230415,33.6968765,-117.8558065,62766,2684,9.74555555555555,"40-80"
651,60590761024003,60372060101014,1,60372060101,34.073055,-118.230415,33.7825729,-117.892793,49373,2294,9.63722222222222,"40-80"
652,60590762041038,60372060101004,1,60372060101,34.0768963,-118.2319383,33.8189857,-117.8600644,52415,2405,9.66805555555556,"40-80"
653,60590762041038,60372060101014,1,60372060101,34.073055,-118.230415,33.8189857,-117.8600644,52043,2376,9.66,"40-80"
654,60590762043016,60372060101017,1,60372060101,34.0718137,-118.232537,33.804203,-117.8607676,52930,2385,9.6625,"40-80"
655,60590866013006,60372060101000,1,60372060101,34.0778658,-118.2329707,33.8515633,-117.9286665,44045,1911,9.53083333333333,"40-80"
656,60590867022005,60372060101014,1,60372060101,34.073055,-118.230415,33.8407878,-117.9434143,41608,2021,9.56138888888889,"40-80"
657,60590881052004,60372060101014,1,60372060101,34.073055,-118.230415,33.7857798,-117.9698759,46674,2517,9.69916666666667,"40-80"
658,60590883021030,60372060101016,1,60372060101,34.0742416,-118.231864,33.7887092,-117.9403433,50102,2333,9.64805555555555,"40-80"
659,60590992251003,60372060101014,1,60372060101,34.073055,-118.230415,33.7286124,-117.9546533,57680,2560,9.71111111111111,"40-80"
660,60591100051010,60372060101019,1,60372060101,34.0688914,-118.2348684,33.7814762,-118.0319256,54628,2297,9.63805555555555,"40-80"
661,60591101131043,60372060101014,1,60372060101,34.073055,-118.230415,33.8071991,-118.0321315,42320,2151,9.5975,"40-80"
662,60591104021001,60372060101008,1,60372060101,34.0761278,-118.2344051,33.844765,-117.9896639,39514,2028,9.56333333333333,"0-40"
663,60591105001002,60372060101014,1,60372060101,34.073055,-118.230415,33.869111,-118.0078776,34034,1670,9.46388888888889,"0-40"
664,60599800001001,60372060101008,1,60372060101,34.0761278,-118.2344051,33.8153965,-117.9161241,46776,2049,9.56916666666667,"40-80"
665,60650422091009,60372060101003,1,60372060101,34.0784037,-118.2353731,33.984577,-117.3462997,92108,3509,9.97472222222222,"80-120"
666,60650422092028,60372060101017,1,60372060101,34.0718137,-118.232537,34.0030057,-117.3370401,89511,3538,9.98277777777778,"80-120"
667,60650426181007,60372060101014,1,60372060101,34.073055,-118.230415,33.8129719,-117.2239493,112539,4528,10.2577777777778,"80-120"
668,60650426181007,60372060101017,1,60372060101,34.0718137,-118.232537,33.8129719,-117.2239493,112416,4475,10.2430555555556,"80-120"
669,60650432162007,60372060101017,1,60372060101,34.0718137,-118.232537,33.5249455,-117.15826,133933,4904,10.3622222222222,"120-160"
671,60650498002004,60372060101016,1,60372060101,34.0742416,-118.231864,33.5490447,-117.2001429,129607,4878,10.355,"120-160"
675,60710001053002,60372060101017,1,60372060101,34.0718137,-118.232537,33.9858286,-117.7387068,55897,2423,9.67305555555556,"40-80"
676,60710008242000,60372060101014,1,60372060101,34.073055,-118.230415,34.1053933,-117.6533268,59553,2653,9.73694444444445,"40-80"
677,60710020111002,60372060101005,1,60372060101,34.0761265,-118.2324045,34.151633,-117.6185601,70919,2777,9.77138888888889,"40-80"
678,60710021101067,60372060101014,1,60372060101,34.073055,-118.230415,34.0866002,-117.5779901,67162,2859,9.79416666666667,"40-80"
679,60710022071008,60372060101019,1,60372060101,34.0688914,-118.2348684,34.1023195,-117.5291639,72939,2973,9.82583333333333,"40-80"
680,60710023051005,60372060101014,1,60372060101,34.073055,-118.230415,34.1126456,-117.47922,80950,3425,9.95138888888889,"80-120"
681,60710033011013,60372060101017,1,60372060101,34.0718137,-118.232537,34.0688371,-117.4401917,77608,3146,9.87388888888889,"40-80"
682,60710045041017,60372060101019,1,60372060101,34.0688914,-118.2348684,34.1811288,-117.3340573,99397,3928,10.0911111111111,"80-120"
683,60710099101003,60372060101027,1,60372060101,34.0675735,-118.2363017,34.4757287,-117.3463506,127462,4904,10.3622222222222,"120-160"
684,60710127001110,60372060101006,1,60372060101,34.0762753,-118.2331353,34.0353347,-117.5722823,69301,2719,9.75527777777778,"40-80"
687,60730185102000,60372060101017,1,60372060101,34.0718137,-118.232537,33.2230877,-117.3336622,141719,5200,10.4444444444444,"120-160"
698,61110033004002,60372060101003,1,60372060101,34.0784037,-118.2353731,34.2184583,-119.1912883,99978,4020,10.1166666666667,"80-120"
699,61110049021008,60372060101008,1,60372060101,34.0761278,-118.2344051,34.2202376,-119.1456601,94907,3773,10.0480555555556,"80-120"
700,61110071001004,60372060101016,1,60372060101,34.0742416,-118.231864,34.1757685,-118.8510666,68109,2666,9.74055555555556,"40-80"
701,61110071001013,60372060101014,1,60372060101,34.073055,-118.230415,34.1766269,-118.8470931,66880,2721,9.75583333333333,"40-80"
702,61110076142022,60372060101006,1,60372060101,34.0762753,-118.2331353,34.30026,-118.8369856,71852,2711,9.75305555555556,"40-80"
